date,recorded_minutes,observed_minutes,repaired_minutes,unresolved_minutes,usable_energy,energy_kwh,kitchen_kwh,laundry_kwh,heating_ac_kwh,month,year,season
2006-12-16,396,396,0,0,False,,,,,12,2006,Winter
2006-12-17,1440,1440,0,0,True,56.507666666666665,2.033,4.187,13.341,12,2006,Winter
2006-12-18,1440,1440,0,0,True,36.73043333333333,1.063,2.621,14.018,12,2006,Winter
2006-12-19,1440,1440,0,0,True,27.7699,0.839,7.602,6.197,12,2006,Winter
2006-12-20,1440,1440,0,0,True,37.095800000000004,0.0,2.648,14.063,12,2006,Winter
2006-12-21,1440,1438,2,0,True,28.618533333333335,1.765,2.623,10.421,12,2006,Winter
2006-12-22,1440,1440,0,0,True,39.0223,3.151,0.35,11.131,12,2006,Winter
2006-12-23,1440,1440,0,0,True,79.55643333333335,2.669,0.425,14.726,12,2006,Winter
2006-12-24,1440,1440,0,0,True,42.5002,1.703,5.082,6.891,12,2006,Winter
2006-12-25,1440,1440,0,0,True,45.718666666666664,6.62,1.962,5.795,12,2006,Winter
2006-12-26,1440,1440,0,0,True,65.5685,1.086,2.533,14.979,12,2006,Winter
2006-12-27,1440,1440,0,0,True,25.479333333333333,0.0,0.314,6.976,12,2006,Winter
2006-12-28,1440,1440,0,0,True,34.54396666666666,2.207,4.419,9.176,12,2006,Winter
2006-12-29,1440,1440,0,0,True,52.90653333333333,1.252,5.162,11.329,12,2006,Winter
2006-12-30,1440,1438,2,0,True,46.69563333333333,3.148,7.929,12.516,12,2006,Winter
2006-12-31,1440,1440,0,0,True,58.236599999999996,0.0,0.347,6.502,12,2006,Winter
2007-01-01,1440,1440,0,0,True,45.81673333333333,0.0,0.352,5.88,1,2007,Winter
2007-01-02,1440,1440,0,0,True,21.153933333333335,0.0,0.348,6.562,1,2007,Winter
2007-01-03,1440,1440,0,0,True,16.9009,0.0,0.344,4.765,1,2007,Winter
2007-01-04,1440,1440,0,0,True,54.32353333333333,1.051,7.597,10.896,1,2007,Winter
2007-01-05,1440,1440,0,0,True,45.22273333333333,1.483,0.379,7.602,1,2007,Winter
2007-01-06,1440,1440,0,0,True,25.139633333333332,1.336,0.402,5.678,1,2007,Winter
2007-01-07,1440,1440,0,0,True,40.79366666666667,1.987,8.177,12.81,1,2007,Winter
2007-01-08,1440,1440,0,0,True,37.356,0.0,0.467,17.547,1,2007,Winter
2007-01-09,1440,1440,0,0,True,31.1509,1.688,4.267,9.79,1,2007,Winter
2007-01-10,1440,1440,0,0,True,35.913333333333334,0.771,4.456,11.012,1,2007,Winter
2007-01-11,1440,1440,0,0,True,37.58656666666666,1.378,2.17,12.415,1,2007,Winter
2007-01-12,1440,1440,0,0,True,24.354933333333335,0.0,0.439,8.276,1,2007,Winter
2007-01-13,1440,1440,0,0,True,53.113566666666664,7.806,2.975,11.341,1,2007,Winter
2007-01-14,1440,1439,1,0,True,50.18396666666667,1.777,4.215,12.991,1,2007,Winter
2007-01-15,1440,1440,0,0,True,35.811299999999996,1.099,2.239,15.163,1,2007,Winter
2007-01-16,1440,1440,0,0,True,28.106733333333334,2.063,0.644,6.583,1,2007,Winter
2007-01-17,1440,1440,0,0,True,47.46146666666667,3.5,5.737,16.064,1,2007,Winter
2007-01-18,1440,1440,0,0,True,30.3577,0.0,0.336,13.491,1,2007,Winter
2007-01-19,1440,1440,0,0,True,24.674,2.103,0.33,7.172,1,2007,Winter
2007-01-20,1440,1440,0,0,True,52.22886666666667,4.324,5.222,11.44,1,2007,Winter
2007-01-21,1440,1440,0,0,True,56.7877,10.346,5.567,11.599,1,2007,Winter
2007-01-22,1440,1440,0,0,True,36.34156666666667,1.054,2.983,11.361,1,2007,Winter
2007-01-23,1440,1440,0,0,True,29.627333333333336,0.0,1.064,5.061,1,2007,Winter
2007-01-24,1440,1440,0,0,True,49.79756666666666,3.464,2.48,11.744,1,2007,Winter
2007-01-25,1440,1440,0,0,True,26.605733333333333,1.158,0.262,11.239,1,2007,Winter
2007-01-26,1440,1440,0,0,True,26.9662,1.163,0.261,8.238,1,2007,Winter
2007-01-27,1440,1440,0,0,True,34.06786666666667,1.17,3.896,12.374,1,2007,Winter
2007-01-28,1440,1439,1,0,True,51.53916666666667,3.466,3.997,12.062,1,2007,Winter
2007-01-29,1440,1440,0,0,True,33.0444,1.123,0.294,15.254,1,2007,Winter
2007-01-30,1440,1440,0,0,True,28.4633,1.123,1.424,8.149,1,2007,Winter
2007-01-31,1440,1440,0,0,True,39.39586666666666,0.0,5.95,15.052,1,2007,Winter
2007-02-01,1440,1440,0,0,True,30.412666666666667,1.17,0.386,13.145,2,2007,Winter
2007-02-02,1440,1440,0,0,True,27.7956,0.0,0.356,11.338,2,2007,Winter
2007-02-03,1440,1440,0,0,True,67.16203333333334,4.746,4.573,17.834,2,2007,Winter
2007-02-04,1440,1440,0,0,True,59.93233333333333,3.391,4.597,14.472,2,2007,Winter
2007-02-05,1440,1440,0,0,True,27.421333333333333,0.896,2.564,7.849,2,2007,Winter
2007-02-06,1440,1440,0,0,True,21.224666666666668,1.185,0.405,4.517,2,2007,Winter
2007-02-07,1440,1440,0,0,True,38.8003,3.299,3.513,11.986,2,2007,Winter
2007-02-08,1440,1440,0,0,True,30.023566666666667,2.226,0.366,10.157,2,2007,Winter
2007-02-09,1440,1440,0,0,True,27.003300000000003,0.0,3.045,9.77,2,2007,Winter
2007-02-10,1440,1440,0,0,True,47.15546666666667,5.071,2.831,14.405,2,2007,Winter
2007-02-11,1440,1440,0,0,True,59.52046666666667,2.43,4.765,13.114,2,2007,Winter
2007-02-12,1440,1440,0,0,True,31.293499999999998,2.227,0.399,11.517,2,2007,Winter
2007-02-13,1440,1440,0,0,True,23.575766666666667,0.0,2.828,6.256,2,2007,Winter
2007-02-14,1440,1440,0,0,True,41.644533333333335,3.295,3.793,11.579,2,2007,Winter
2007-02-15,1440,1440,0,0,True,33.0891,0.0,2.363,14.028,2,2007,Winter
2007-02-16,1440,1440,0,0,True,28.375466666666668,1.148,0.859,8.689,2,2007,Winter
2007-02-17,1440,1440,0,0,True,34.615199999999994,1.765,2.226,7.157,2,2007,Winter
2007-02-18,1440,1440,0,0,True,63.82936666666667,6.107,8.003,13.129,2,2007,Winter
2007-02-19,1440,1440,0,0,True,36.44356666666667,1.634,2.9,13.085,2,2007,Winter
2007-02-20,1440,1440,0,0,True,52.498799999999996,2.058,5.191,9.713,2,2007,Winter
2007-02-21,1440,1440,0,0,True,34.5479,3.527,2.332,11.548,2,2007,Winter
2007-02-22,1440,1438,2,0,True,56.2595,1.409,4.129,12.285,2,2007,Winter
2007-02-23,1440,1440,0,0,True,21.891333333333332,0.0,0.503,10.786,2,2007,Winter
2007-02-24,1440,1440,0,0,True,11.915366666666667,0.0,0.363,3.562,2,2007,Winter
2007-02-25,1440,1440,0,0,True,8.362333333333334,0.0,0.329,1.66,2,2007,Winter
2007-02-26,1440,1440,0,0,True,9.474733333333335,0.0,0.331,2.83,2,2007,Winter
2007-02-27,1440,1440,0,0,True,8.6352,0.0,0.314,1.924,2,2007,Winter
2007-02-28,1440,1440,0,0,True,8.679566666666666,0.0,0.34,1.973,2,2007,Winter
2007-03-01,1440,1440,0,0,True,8.626066666666667,0.0,0.316,1.98,3,2007,Spring
2007-03-02,1440,1440,0,0,True,8.5948,0.0,0.34,1.969,3,2007,Spring
2007-03-03,1440,1440,0,0,True,13.652033333333332,0.0,0.347,4.597,3,2007,Spring
2007-03-04,1440,1440,0,0,True,34.845,1.476,8.711,9.408,3,2007,Spring
2007-03-05,1440,1440,0,0,True,44.33886666666667,5.727,12.109,10.026,3,2007,Spring
2007-03-06,1440,1440,0,0,True,20.775,0.0,1.74,4.7,3,2007,Spring
2007-03-07,1440,1440,0,0,True,39.58676666666667,1.076,4.761,15.513,3,2007,Spring
2007-03-08,1440,1440,0,0,True,26.2022,2.18,3.385,6.655,3,2007,Spring
2007-03-09,1440,1440,0,0,True,21.2102,1.093,0.345,8.631,3,2007,Spring
2007-03-10,1440,1440,0,0,True,41.41186666666667,4.13,5.422,10.979,3,2007,Spring
2007-03-11,1440,1440,0,0,True,58.0106,4.81,3.42,9.5,3,2007,Spring
2007-03-12,1440,1440,0,0,True,32.51113333333333,1.403,2.841,12.353,3,2007,Spring
2007-03-13,1440,1440,0,0,True,21.5024,1.35,3.859,5.323,3,2007,Spring
2007-03-14,1440,1440,0,0,True,29.889400000000002,3.485,0.48,8.607,3,2007,Spring
2007-03-15,1440,1440,0,0,True,31.413566666666668,0.0,3.263,11.036,3,2007,Spring
2007-03-16,1440,1440,0,0,True,28.36756666666667,1.106,4.604,5.37,3,2007,Spring
2007-03-17,1440,1440,0,0,True,33.8015,2.208,0.359,12.275,3,2007,Spring
2007-03-18,1440,1440,0,0,True,39.51743333333333,6.564,7.369,5.856,3,2007,Spring
2007-03-19,1440,1440,0,0,True,35.8753,1.648,2.686,14.118,3,2007,Spring
2007-03-20,1440,1440,0,0,True,34.77046666666667,3.745,2.837,11.255,3,2007,Spring
2007-03-21,1440,1440,0,0,True,35.70153333333334,1.865,4.133,12.335,3,2007,Spring
2007-03-22,1440,1440,0,0,True,24.249633333333335,0.353,0.736,10.462,3,2007,Spring
2007-03-23,1440,1440,0,0,True,21.8168,1.127,0.777,8.369,3,2007,Spring
2007-03-24,1440,1440,0,0,True,49.47383333333333,3.707,5.797,16.382,3,2007,Spring
2007-03-25,1440,1439,1,0,True,55.60843333333333,4.63,3.6,9.358,3,2007,Spring
2007-03-26,1440,1440,0,0,True,23.601366666666667,1.088,0.344,9.096,3,2007,Spring
2007-03-27,1440,1440,0,0,True,18.419,0.0,3.019,3.697,3,2007,Spring
2007-03-28,1440,1440,0,0,True,38.8983,1.122,8.527,13.888,3,2007,Spring
2007-03-29,1440,1440,0,0,True,26.506766666666667,1.162,0.46,10.724,3,2007,Spring
2007-03-30,1440,1440,0,0,True,23.373233333333335,1.094,0.468,8.217,3,2007,Spring
2007-03-31,1440,1440,0,0,True,58.49183333333334,2.62,7.707,17.682,3,2007,Spring
2007-04-01,1440,1440,0,0,True,46.43253333333333,4.629,5.401,19.509,4,2007,Spring
2007-04-02,1440,1440,0,0,True,32.679633333333335,1.755,0.97,16.641,4,2007,Spring
2007-04-03,1440,1440,0,0,True,27.380333333333333,3.63,1.042,7.637,4,2007,Spring
2007-04-04,1440,1440,0,0,True,34.1978,3.434,0.42,14.748,4,2007,Spring
2007-04-05,1440,1440,0,0,True,30.73463333333333,1.086,4.277,10.523,4,2007,Spring
2007-04-06,1440,1440,0,0,True,26.68566666666667,0.0,5.466,9.166,4,2007,Spring
2007-04-07,1440,1440,0,0,True,25.898733333333332,1.127,3.111,5.923,4,2007,Spring
2007-04-08,1440,1440,0,0,True,26.8136,0.0,0.485,3.545,4,2007,Spring
2007-04-09,1440,1440,0,0,True,16.682,2.667,0.514,3.801,4,2007,Spring
2007-04-10,1440,1440,0,0,True,12.956066666666667,0.209,0.742,2.572,4,2007,Spring
2007-04-11,1440,1440,0,0,True,14.791366666666667,0.0,1.112,6.421,4,2007,Spring
2007-04-12,1440,1440,0,0,True,8.961766666666668,0.0,0.541,1.818,4,2007,Spring
2007-04-13,1440,1440,0,0,True,9.1837,0.0,0.558,1.988,4,2007,Spring
2007-04-14,1440,1440,0,0,True,9.2378,0.0,0.578,2.008,4,2007,Spring
2007-04-15,1440,1440,0,0,True,12.102733333333333,0.0,1.026,2.893,4,2007,Spring
2007-04-16,1440,1440,0,0,True,15.873166666666666,0.952,1.305,4.656,4,2007,Spring
2007-04-17,1440,1440,0,0,True,20.395566666666664,1.532,0.389,6.199,4,2007,Spring
2007-04-18,1440,1440,0,0,True,16.637433333333334,1.579,0.355,3.43,4,2007,Spring
2007-04-19,1440,1440,0,0,True,17.144299999999998,0.733,1.605,5.748,4,2007,Spring
2007-04-20,1440,1440,0,0,True,13.709666666666667,1.069,0.36,3.499,4,2007,Spring
2007-04-21,1440,1440,0,0,True,27.894266666666667,6.575,0.463,11.129,4,2007,Spring
2007-04-22,1440,1440,0,0,True,37.228566666666666,4.264,2.287,11.102,4,2007,Spring
2007-04-23,1440,1440,0,0,True,17.5761,1.402,0.506,6.005,4,2007,Spring
2007-04-24,1440,1440,0,0,True,17.201666666666664,1.125,0.527,6.68,4,2007,Spring
2007-04-25,1440,1440,0,0,True,21.069366666666667,0.0,1.469,8.812,4,2007,Spring
2007-04-26,1440,1440,0,0,True,21.257766666666665,1.324,1.845,7.163,4,2007,Spring
2007-04-27,1440,1440,0,0,True,18.23886666666667,1.772,0.545,4.756,4,2007,Spring
2007-04-28,1440,21,5,1414,False,,,,,4,2007,Spring
2007-04-29,1440,0,0,1440,False,,,,,4,2007,Spring
2007-04-30,1440,576,0,864,False,,,,,4,2007,Spring
2007-05-01,1440,1440,0,0,True,27.730966666666667,4.005,0.995,8.546,5,2007,Spring
2007-05-02,1440,1440,0,0,True,16.724766666666667,0.007,1.49,3.754,5,2007,Spring
2007-05-03,1440,1440,0,0,True,18.170633333333335,1.906,1.725,7.836,5,2007,Spring
2007-05-04,1440,1440,0,0,True,16.635466666666666,2.259,0.538,3.99,5,2007,Spring
2007-05-05,1440,1440,0,0,True,26.050866666666664,2.913,2.493,11.303,5,2007,Spring
2007-05-06,1440,1440,0,0,True,35.035066666666665,3.215,0.949,10.095,5,2007,Spring
2007-05-07,1440,1440,0,0,True,27.3944,0.946,4.935,9.433,5,2007,Spring
2007-05-08,1440,1440,0,0,True,29.82153333333333,4.581,2.011,8.777,5,2007,Spring
2007-05-09,1440,1440,0,0,True,27.76226666666667,3.018,5.631,9.474,5,2007,Spring
2007-05-10,1440,1440,0,0,True,11.798066666666667,0.946,0.534,3.261,5,2007,Spring
2007-05-11,1440,1440,0,0,True,16.319233333333333,0.926,0.491,6.471,5,2007,Spring
2007-05-12,1440,1440,0,0,True,24.0261,2.247,1.075,10.408,5,2007,Spring
2007-05-13,1440,1440,0,0,True,27.245633333333334,3.612,2.414,8.958,5,2007,Spring
2007-05-14,1440,1440,0,0,True,24.463033333333332,3.176,2.417,5.517,5,2007,Spring
2007-05-15,1440,1440,0,0,True,15.073200000000002,0.0,0.408,5.318,5,2007,Spring
2007-05-16,1440,1440,0,0,True,28.215733333333333,2.213,5.756,9.077,5,2007,Spring
2007-05-17,1440,1440,0,0,True,20.530266666666666,1.014,2.073,7.687,5,2007,Spring
2007-05-18,1440,1440,0,0,True,27.192166666666665,3.27,3.913,8.116,5,2007,Spring
2007-05-19,1440,1440,0,0,True,23.824033333333333,4.683,0.53,7.022,5,2007,Spring
2007-05-20,1440,1440,0,0,True,32.80546666666667,5.42,1.733,7.611,5,2007,Spring
2007-05-21,1440,1440,0,0,True,18.6677,0.0,0.468,9.06,5,2007,Spring
2007-05-22,1440,1440,0,0,True,18.88086666666667,0.931,3.966,3.984,5,2007,Spring
2007-05-23,1440,1440,0,0,True,24.415599999999998,0.956,3.792,8.119,5,2007,Spring
2007-05-24,1440,1440,0,0,True,19.2398,0.955,4.116,4.746,5,2007,Spring
2007-05-25,1440,1440,0,0,True,26.903666666666666,8.06,0.586,6.539,5,2007,Spring
2007-05-26,1440,1440,0,0,True,25.204133333333335,2.373,2.754,8.628,5,2007,Spring
2007-05-27,1440,1440,0,0,True,35.8968,4.366,5.534,10.444,5,2007,Spring
2007-05-28,1440,1440,0,0,True,27.291133333333335,4.554,0.473,9.586,5,2007,Spring
2007-05-29,1440,1440,0,0,True,17.689,0.0,1.907,4.332,5,2007,Spring
2007-05-30,1440,1440,0,0,True,26.8311,2.25,5.948,7.804,5,2007,Spring
2007-05-31,1440,1440,0,0,True,15.6425,0.935,0.477,3.552,5,2007,Spring
2007-06-01,1440,1439,1,0,True,17.422900000000002,0.0,0.483,7.664,6,2007,Summer
2007-06-02,1440,1440,0,0,True,24.73936666666667,3.971,1.25,7.633,6,2007,Summer
2007-06-03,1440,1440,0,0,True,35.133766666666666,4.985,7.529,8.334,6,2007,Summer
2007-06-04,1440,1440,0,0,True,15.193633333333334,1.585,0.836,4.533,6,2007,Summer
2007-06-05,1440,1440,0,0,True,24.314866666666667,4.484,1.027,6.448,6,2007,Summer
2007-06-06,1440,1439,1,0,True,28.25953333333333,3.33,0.829,11.68,6,2007,Summer
2007-06-07,1440,1440,0,0,True,16.4167,0.985,0.699,3.959,6,2007,Summer
2007-06-08,1440,1440,0,0,True,35.80076666666666,2.799,11.44,11.38,6,2007,Summer
2007-06-09,1440,1402,10,28,False,,,,,6,2007,Summer
2007-06-10,1440,1440,0,0,True,22.346866666666664,4.202,1.924,5.983,6,2007,Summer
2007-06-11,1440,1440,0,0,True,13.244233333333334,0.0,0.487,5.328,6,2007,Summer
2007-06-12,1440,1440,0,0,True,15.312766666666667,1.882,0.475,3.898,6,2007,Summer
2007-06-13,1440,1440,0,0,True,15.454533333333334,0.957,0.857,5.216,6,2007,Summer
2007-06-14,1440,1440,0,0,True,20.984733333333335,3.322,2.147,7.054,6,2007,Summer
2007-06-15,1440,1440,0,0,True,16.4934,2.269,4.011,4.547,6,2007,Summer
2007-06-16,1440,1440,0,0,True,33.62936666666666,3.289,4.498,11.108,6,2007,Summer
2007-06-17,1440,1440,0,0,True,32.451499999999996,4.124,5.038,8.734,6,2007,Summer
2007-06-18,1440,1440,0,0,True,11.3079,0.0,0.529,4.241,6,2007,Summer
2007-06-19,1440,1438,2,0,True,14.086666666666668,0.973,0.537,4.391,6,2007,Summer
2007-06-20,1440,1440,0,0,True,17.904766666666667,1.761,2.588,5.106,6,2007,Summer
2007-06-21,1440,1440,0,0,True,13.4491,0.932,2.4,3.711,6,2007,Summer
2007-06-22,1440,1440,0,0,True,9.438233333333333,0.0,0.951,3.482,6,2007,Summer
2007-06-23,1440,1440,0,0,True,7.959433333333334,0.0,0.786,2.402,6,2007,Summer
2007-06-24,1440,1440,0,0,True,11.910933333333332,0.0,0.791,3.449,6,2007,Summer
2007-06-25,1440,1440,0,0,True,17.870033333333332,1.985,3.621,4.816,6,2007,Summer
2007-06-26,1440,1440,0,0,True,15.748466666666667,0.971,1.334,5.231,6,2007,Summer
2007-06-27,1440,1440,0,0,True,24.680433333333333,2.603,6.451,7.27,6,2007,Summer
2007-06-28,1440,1440,0,0,True,21.590633333333336,0.0,4.368,9.541,6,2007,Summer
2007-06-29,1440,1439,1,0,True,21.7407,4.363,0.667,6.797,6,2007,Summer
2007-06-30,1440,1440,0,0,True,22.255233333333333,3.049,0.792,8.376,6,2007,Summer
2007-07-01,1440,1440,0,0,True,17.111066666666666,0.969,0.736,4.69,7,2007,Summer
2007-07-02,1440,1440,0,0,True,16.1172,1.018,5.281,3.445,7,2007,Summer
2007-07-03,1440,1440,0,0,True,17.665200000000002,0.467,3.214,4.695,7,2007,Summer
2007-07-04,1440,1440,0,0,True,16.723499999999998,2.329,2.218,5.632,7,2007,Summer
2007-07-05,1440,1440,0,0,True,17.6215,2.922,0.77,3.973,7,2007,Summer
2007-07-06,1440,1440,0,0,True,17.825400000000002,2.826,3.563,4.005,7,2007,Summer
2007-07-07,1440,1440,0,0,True,22.636766666666666,0.997,3.047,10.177,7,2007,Summer
2007-07-08,1440,1440,0,0,True,18.151333333333334,1.825,2.831,5.277,7,2007,Summer
2007-07-09,1440,1440,0,0,True,19.6693,0.923,0.594,9.386,7,2007,Summer
2007-07-10,1440,1440,0,0,True,15.138733333333333,0.067,2.227,4.631,7,2007,Summer
2007-07-11,1440,1440,0,0,True,12.0392,1.015,0.647,5.284,7,2007,Summer
2007-07-12,1440,1440,0,0,True,17.82636666666667,1.029,2.55,6.419,7,2007,Summer
2007-07-13,1440,1440,0,0,True,13.2397,0.0,0.633,4.427,7,2007,Summer
2007-07-14,1440,1440,0,0,True,21.4695,3.775,1.968,6.604,7,2007,Summer
2007-07-15,1440,1310,10,120,False,,,,,7,2007,Summer
2007-07-16,1440,1440,0,0,True,14.2279,0.83,0.695,4.176,7,2007,Summer
2007-07-17,1440,1440,0,0,True,11.993866666666666,0.848,0.694,3.335,7,2007,Summer
2007-07-18,1440,1440,0,0,True,12.618033333333333,0.909,0.671,4.628,7,2007,Summer
2007-07-19,1440,1440,0,0,True,11.2981,1.068,0.703,3.13,7,2007,Summer
2007-07-20,1440,1440,0,0,True,18.507033333333332,2.111,2.418,4.765,7,2007,Summer
2007-07-21,1440,1440,0,0,True,17.6708,0.428,0.512,7.756,7,2007,Summer
2007-07-22,1440,1439,1,0,True,22.954333333333334,7.091,2.136,5.573,7,2007,Summer
2007-07-23,1440,1440,0,0,True,16.51696666666667,1.747,1.288,3.847,7,2007,Summer
2007-07-24,1440,1440,0,0,True,13.754733333333332,0.0,1.607,5.599,7,2007,Summer
2007-07-25,1440,1440,0,0,True,7.876,0.0,0.151,2.333,7,2007,Summer
2007-07-26,1440,1440,0,0,True,15.408333333333333,0.975,3.633,4.346,7,2007,Summer
2007-07-27,1440,1440,0,0,True,20.0419,1.837,0.049,7.157,7,2007,Summer
2007-07-28,1440,1440,0,0,True,27.031033333333333,0.907,10.265,6.559,7,2007,Summer
2007-07-29,1440,1440,0,0,True,5.351933333333333,0.0,0.0,1.288,7,2007,Summer
2007-07-30,1440,1440,0,0,True,7.780266666666666,0.0,0.0,2.528,7,2007,Summer
2007-07-31,1440,1440,0,0,True,13.538866666666667,3.277,0.0,3.575,7,2007,Summer
2007-08-01,1440,1419,5,16,False,,,,,8,2007,Summer
2007-08-02,1440,1440,0,0,True,16.990266666666667,0.482,0.0,6.869,8,2007,Summer
2007-08-03,1440,1440,0,0,True,17.722733333333334,0.958,0.0,9.139,8,2007,Summer
2007-08-04,1440,1440,0,0,True,19.083166666666667,0.552,0.398,7.966,8,2007,Summer
2007-08-05,1440,1440,0,0,True,13.1183,0.169,0.0,6.647,8,2007,Summer
2007-08-06,1440,1440,0,0,True,18.162,1.096,0.0,7.985,8,2007,Summer
2007-08-07,1440,1440,0,0,True,24.726333333333333,0.437,2.168,9.042,8,2007,Summer
2007-08-08,1440,1440,0,0,True,18.758033333333334,1.055,1.111,9.66,8,2007,Summer
2007-08-09,1440,1440,0,0,True,17.861333333333334,0.182,4.515,6.646,8,2007,Summer
2007-08-10,1440,1440,0,0,True,17.1335,0.336,2.651,8.287,8,2007,Summer
2007-08-11,1440,1440,0,0,True,18.194166666666668,1.18,0.91,10.339,8,2007,Summer
2007-08-12,1440,1440,0,0,True,20.6984,1.123,1.156,8.582,8,2007,Summer
2007-08-13,1440,1440,0,0,True,19.216866666666665,0.093,0.476,11.101,8,2007,Summer
2007-08-14,1440,1440,0,0,True,15.686499999999999,0.951,0.685,6.256,8,2007,Summer
2007-08-15,1440,1440,0,0,True,19.86433333333333,0.338,0.508,9.787,8,2007,Summer
2007-08-16,1440,1440,0,0,True,15.974933333333333,0.962,0.0,7.476,8,2007,Summer
2007-08-17,1440,1440,0,0,True,16.831533333333333,0.244,0.0,7.769,8,2007,Summer
2007-08-18,1440,1440,0,0,True,5.799333333333333,0.0,0.0,1.83,8,2007,Summer
2007-08-19,1440,1440,0,0,True,23.704900000000002,1.025,8.912,5.989,8,2007,Summer
2007-08-20,1440,1440,0,0,True,22.314033333333334,1.032,6.965,7.383,8,2007,Summer
2007-08-21,1440,1440,0,0,True,10.709266666666668,0.0,0.038,3.296,8,2007,Summer
2007-08-22,1440,1440,0,0,True,20.163466666666668,3.048,1.836,7.241,8,2007,Summer
2007-08-23,1440,1440,0,0,True,18.53853333333333,2.502,0.259,5.342,8,2007,Summer
2007-08-24,1440,1439,1,0,True,27.6084,1.891,3.784,9.944,8,2007,Summer
2007-08-25,1440,1440,0,0,True,19.181333333333335,4.149,2.191,5.678,8,2007,Summer
2007-08-26,1440,1440,0,0,True,21.9151,1.541,3.645,5.658,8,2007,Summer
2007-08-27,1440,1440,0,0,True,20.1955,2.305,1.229,6.344,8,2007,Summer
2007-08-28,1440,1440,0,0,True,16.616733333333332,1.038,2.468,5.483,8,2007,Summer
2007-08-29,1440,1440,0,0,True,12.466533333333333,0.957,0.562,4.932,8,2007,Summer
2007-08-30,1440,1440,0,0,True,20.04096666666667,3.822,2.58,4.221,8,2007,Summer
2007-08-31,1440,1440,0,0,True,21.330366666666666,1.2,0.666,8.738,8,2007,Summer
2007-09-01,1440,1440,0,0,True,28.3581,2.497,0.569,9.733,9,2007,Autumn
2007-09-02,1440,1440,0,0,True,27.707800000000002,3.613,1.617,8.806,9,2007,Autumn
2007-09-03,1440,1440,0,0,True,17.315366666666666,0.621,2.515,5.323,9,2007,Autumn
2007-09-04,1440,1440,0,0,True,26.415733333333332,2.928,3.501,9.821,9,2007,Autumn
2007-09-05,1440,1440,0,0,True,20.60953333333333,0.0,4.144,6.705,9,2007,Autumn
2007-09-06,1440,1440,0,0,True,15.024566666666667,0.0,3.888,3.461,9,2007,Autumn
2007-09-07,1440,1440,0,0,True,22.274933333333333,3.632,0.551,9.388,9,2007,Autumn
2007-09-08,1440,1440,0,0,True,24.495866666666664,3.339,1.801,9.164,9,2007,Autumn
2007-09-09,1440,1440,0,0,True,27.991699999999998,2.184,4.438,9.233,9,2007,Autumn
2007-09-10,1440,1440,0,0,True,18.622933333333332,0.935,0.595,5.613,9,2007,Autumn
2007-09-11,1440,1440,0,0,True,16.392866666666666,0.943,0.55,5.792,9,2007,Autumn
2007-09-12,1440,1440,0,0,True,21.462733333333333,0.0,3.217,7.755,9,2007,Autumn
2007-09-13,1440,1440,0,0,True,19.106366666666666,1.175,2.523,3.853,9,2007,Autumn
2007-09-14,1440,1440,0,0,True,18.924500000000002,0.901,0.676,5.804,9,2007,Autumn
2007-09-15,1440,1440,0,0,True,18.2552,0.0,1.449,6.464,9,2007,Autumn
2007-09-16,1440,1440,0,0,True,27.537066666666664,3.118,3.064,9.31,9,2007,Autumn
2007-09-17,1440,1440,0,0,True,24.353099999999998,6.651,0.926,6.279,9,2007,Autumn
2007-09-18,1440,1440,0,0,True,19.458666666666666,1.888,2.029,5.425,9,2007,Autumn
2007-09-19,1440,1440,0,0,True,21.64473333333333,0.0,2.743,7.937,9,2007,Autumn
2007-09-20,1440,1440,0,0,True,20.92553333333333,1.056,0.489,9.996,9,2007,Autumn
2007-09-21,1440,1440,0,0,True,20.646333333333335,3.13,2.745,6.316,9,2007,Autumn
2007-09-22,1440,1440,0,0,True,19.602866666666667,0.944,1.311,7.688,9,2007,Autumn
2007-09-23,1440,1440,0,0,True,23.632833333333334,2.831,1.929,7.382,9,2007,Autumn
2007-09-24,1440,1440,0,0,True,22.575499999999998,0.929,3.935,7.955,9,2007,Autumn
2007-09-25,1440,1440,0,0,True,29.405700000000003,0.916,2.253,9.82,9,2007,Autumn
2007-09-26,1440,1438,2,0,True,30.4922,1.058,9.417,5.695,9,2007,Autumn
2007-09-27,1440,1440,0,0,True,23.209999999999997,1.066,0.643,7.324,9,2007,Autumn
2007-09-28,1440,1440,0,0,True,28.008300000000002,0.996,3.722,9.952,9,2007,Autumn
2007-09-29,1440,1440,0,0,True,38.27536666666666,4.085,7.457,8.19,9,2007,Autumn
2007-09-30,1440,1440,0,0,True,25.2715,1.405,0.582,10.225,9,2007,Autumn
2007-10-01,1440,1440,0,0,True,28.682033333333333,1.507,6.622,5.96,10,2007,Autumn
2007-10-02,1440,1440,0,0,True,36.647733333333335,0.508,8.022,12.815,10,2007,Autumn
2007-10-03,1440,1440,0,0,True,21.340899999999998,0.979,5.024,3.692,10,2007,Autumn
2007-10-04,1440,1440,0,0,True,25.307633333333335,2.4,0.444,9.71,10,2007,Autumn
2007-10-05,1440,1440,0,0,True,23.23486666666667,0.0,0.351,9.425,10,2007,Autumn
2007-10-06,1440,1440,0,0,True,29.270666666666667,4.84,0.347,9.666,10,2007,Autumn
2007-10-07,1440,1440,0,0,True,35.1019,2.498,8.255,10.886,10,2007,Autumn
2007-10-08,1440,1440,0,0,True,18.254033333333332,0.0,0.42,5.082,10,2007,Autumn
2007-10-09,1440,1440,0,0,True,28.130966666666666,2.034,2.147,9.29,10,2007,Autumn
2007-10-10,1440,1440,0,0,True,19.44953333333333,1.863,2.117,3.345,10,2007,Autumn
2007-10-11,1440,1440,0,0,True,28.8741,2.63,0.414,7.806,10,2007,Autumn
2007-10-12,1440,1440,0,0,True,31.908399999999997,1.02,5.028,11.659,10,2007,Autumn
2007-10-13,1440,1440,0,0,True,32.11213333333333,0.969,3.799,8.463,10,2007,Autumn
2007-10-14,1440,1440,0,0,True,34.3542,2.93,7.494,7.126,10,2007,Autumn
2007-10-15,1440,1440,0,0,True,21.1055,1.061,0.339,7.654,10,2007,Autumn
2007-10-16,1440,1440,0,0,True,32.7407,0.0,7.871,9.876,10,2007,Autumn
2007-10-17,1440,1440,0,0,True,26.28216666666667,1.065,0.453,8.968,10,2007,Autumn
2007-10-18,1440,1440,0,0,True,25.308833333333332,1.162,0.317,9.864,10,2007,Autumn
2007-10-19,1440,1440,0,0,True,34.7608,1.299,3.124,11.648,10,2007,Autumn
2007-10-20,1440,1440,0,0,True,27.67076666666667,2.363,0.296,13.225,10,2007,Autumn
2007-10-21,1440,1440,0,0,True,32.36566666666667,3.712,4.357,7.313,10,2007,Autumn
2007-10-22,1440,1440,0,0,True,27.548266666666667,0.0,0.299,13.027,10,2007,Autumn
2007-10-23,1440,1438,2,0,True,32.64006666666667,1.067,5.186,10.68,10,2007,Autumn
2007-10-24,1440,1440,0,0,True,31.093933333333332,4.459,0.364,9.115,10,2007,Autumn
2007-10-25,1440,1440,0,0,True,30.898633333333333,1.478,2.433,7.385,10,2007,Autumn
2007-10-26,1440,1440,0,0,True,23.959466666666668,0.0,0.348,5.766,10,2007,Autumn
2007-10-27,1440,1440,0,0,True,29.761466666666667,1.374,4.856,8.949,10,2007,Autumn
2007-10-28,1440,1440,0,0,True,8.535966666666667,0.0,0.283,1.765,10,2007,Autumn
2007-10-29,1440,1440,0,0,True,9.090466666666666,0.0,0.269,2.749,10,2007,Autumn
2007-10-30,1440,1440,0,0,True,13.5168,0.0,1.935,4.256,10,2007,Autumn
2007-10-31,1440,1440,0,0,True,21.386833333333335,0.0,4.7,8.915,10,2007,Autumn
2007-11-01,1440,1440,0,0,True,8.270266666666666,0.0,0.293,1.991,11,2007,Autumn
2007-11-02,1440,1440,0,0,True,24.060033333333333,1.346,2.115,12.245,11,2007,Autumn
2007-11-03,1440,1440,0,0,True,8.209166666666667,0.0,0.282,1.936,11,2007,Autumn
2007-11-04,1440,1440,0,0,True,24.761433333333333,0.0,4.387,7.068,11,2007,Autumn
2007-11-05,1440,1440,0,0,True,25.009866666666667,1.265,0.397,6.583,11,2007,Autumn
2007-11-06,1440,1440,0,0,True,34.706300000000006,1.105,5.515,10.69,11,2007,Autumn
2007-11-07,1440,1440,0,0,True,30.745966666666668,5.042,0.301,6.374,11,2007,Autumn
2007-11-08,1440,1440,0,0,True,25.017666666666667,1.715,0.314,6.5,11,2007,Autumn
2007-11-09,1440,1440,0,0,True,36.1871,0.0,4.573,15.375,11,2007,Autumn
2007-11-10,1440,1440,0,0,True,43.526666666666664,3.697,0.304,13.767,11,2007,Autumn
2007-11-11,1440,1440,0,0,True,31.452066666666667,3.445,0.32,6.024,11,2007,Autumn
2007-11-12,1440,1440,0,0,True,35.93576666666667,1.018,4.165,13.281,11,2007,Autumn
2007-11-13,1440,1440,0,0,True,36.90663333333334,0.978,4.933,11.076,11,2007,Autumn
2007-11-14,1440,1440,0,0,True,34.13323333333333,1.055,0.295,16.345,11,2007,Autumn
2007-11-15,1440,1440,0,0,True,24.866466666666668,1.606,0.571,7.503,11,2007,Autumn
2007-11-16,1440,1440,0,0,True,38.4959,1.991,4.66,13.564,11,2007,Autumn
2007-11-17,1440,1440,0,0,True,43.50156666666667,2.588,2.199,14.99,11,2007,Autumn
2007-11-18,1440,1440,0,0,True,36.39763333333334,5.201,2.097,7.066,11,2007,Autumn
2007-11-19,1440,1440,0,0,True,28.727566666666668,1.089,0.253,10.75,11,2007,Autumn
2007-11-20,1440,1440,0,0,True,34.930933333333336,1.015,3.954,11.026,11,2007,Autumn
2007-11-21,1440,1439,1,0,True,29.253533333333333,1.141,0.549,9.473,11,2007,Autumn
2007-11-22,1440,1440,0,0,True,32.2063,2.867,0.297,9.001,11,2007,Autumn
2007-11-23,1440,1440,0,0,True,42.04363333333333,2.168,6.181,13.685,11,2007,Autumn
2007-11-24,1440,1440,0,0,True,31.6509,1.573,4.131,13.451,11,2007,Autumn
2007-11-25,1440,1440,0,0,True,23.259966666666667,3.556,0.279,5.678,11,2007,Autumn
2007-11-26,1440,1440,0,0,True,26.16193333333333,1.088,0.288,8.926,11,2007,Autumn
2007-11-27,1440,1440,0,0,True,46.68353333333334,1.063,11.02,15.111,11,2007,Autumn
2007-11-28,1440,1440,0,0,True,27.415666666666667,1.182,0.769,7.81,11,2007,Autumn
2007-11-29,1440,1439,1,0,True,28.657533333333333,2.031,0.283,8.818,11,2007,Autumn
2007-11-30,1440,1440,0,0,True,38.86213333333333,0.0,7.941,13.601,11,2007,Autumn
2007-12-01,1440,1440,0,0,True,52.24903333333334,9.356,0.353,17.847,12,2007,Winter
2007-12-02,1440,1440,0,0,True,49.10313333333333,2.09,6.915,10.636,12,2007,Winter
2007-12-03,1440,1440,0,0,True,29.367666666666665,1.141,0.299,10.428,12,2007,Winter
2007-12-04,1440,1440,0,0,True,34.4606,1.012,5.828,8.561,12,2007,Winter
2007-12-05,1440,1440,0,0,True,35.88533333333333,3.422,0.295,10.919,12,2007,Winter
2007-12-06,1440,1440,0,0,True,41.46556666666667,4.751,0.318,11.908,12,2007,Winter
2007-12-07,1440,1440,0,0,True,29.483600000000003,0.459,3.71,10.263,12,2007,Winter
2007-12-08,1440,1440,0,0,True,36.89006666666667,1.133,2.354,12.283,12,2007,Winter
2007-12-09,1440,1440,0,0,True,37.90973333333333,4.176,2.428,8.728,12,2007,Winter
2007-12-10,1440,1440,0,0,True,29.312566666666665,1.102,0.278,8.281,12,2007,Winter
2007-12-11,1440,1440,0,0,True,38.4184,1.05,3.817,12.74,12,2007,Winter
2007-12-12,1440,1440,0,0,True,26.467699999999997,1.152,0.254,7.759,12,2007,Winter
2007-12-13,1440,1440,0,0,True,30.79576666666667,1.103,1.448,8.911,12,2007,Winter
2007-12-14,1440,1440,0,0,True,32.913466666666665,0.98,3.849,12.941,12,2007,Winter
2007-12-15,1440,1440,0,0,True,45.6146,1.706,3.687,14.313,12,2007,Winter
2007-12-16,1440,1440,0,0,True,46.036966666666665,3.41,2.281,12.929,12,2007,Winter
2007-12-17,1440,1439,1,0,True,29.9737,1.636,0.243,10.567,12,2007,Winter
2007-12-18,1440,1440,0,0,True,43.7199,1.123,5.81,11.093,12,2007,Winter
2007-12-19,1440,1440,0,0,True,36.60086666666667,1.233,2.658,11.679,12,2007,Winter
2007-12-20,1440,1440,0,0,True,32.49596666666667,1.859,0.276,13.592,12,2007,Winter
2007-12-21,1440,1440,0,0,True,33.04293333333333,1.191,0.2,12.251,12,2007,Winter
2007-12-22,1440,1440,0,0,True,43.52106666666667,3.819,4.55,12.673,12,2007,Winter
2007-12-23,1440,1440,0,0,True,40.1508,1.971,3.091,11.962,12,2007,Winter
2007-12-24,1440,1440,0,0,True,37.6308,2.985,2.316,14.35,12,2007,Winter
2007-12-25,1440,1440,0,0,True,44.91613333333333,4.588,3.368,9.084,12,2007,Winter
2007-12-26,1440,1440,0,0,True,43.00466666666667,1.109,2.773,9.48,12,2007,Winter
2007-12-27,1440,1440,0,0,True,42.2033,4.122,1.49,7.96,12,2007,Winter
2007-12-28,1440,1440,0,0,True,51.8842,1.98,8.554,15.823,12,2007,Winter
2007-12-29,1440,1440,0,0,True,54.982600000000005,4.836,2.434,14.906,12,2007,Winter
2007-12-30,1440,1440,0,0,True,42.6486,3.595,3.597,13.485,12,2007,Winter
2007-12-31,1440,1440,0,0,True,36.942366666666665,0.0,3.457,14.071,12,2007,Winter
2008-01-01,1440,1440,0,0,True,45.99563333333333,2.461,2.739,12.355,1,2008,Winter
2008-01-02,1440,1440,0,0,True,27.401766666666667,0.0,3.094,8.987,1,2008,Winter
2008-01-03,1440,1440,0,0,True,25.168466666666667,1.13,0.846,6.671,1,2008,Winter
2008-01-04,1440,1440,0,0,True,38.19753333333333,1.241,5.326,11.752,1,2008,Winter
2008-01-05,1440,1440,0,0,True,36.38746666666667,2.113,0.286,14.591,1,2008,Winter
2008-01-06,1440,1440,0,0,True,30.419733333333333,1.966,2.445,7.824,1,2008,Winter
2008-01-07,1440,1440,0,0,True,28.26356666666667,1.288,0.282,10.294,1,2008,Winter
2008-01-08,1440,1440,0,0,True,34.05916666666666,2.197,3.511,9.793,1,2008,Winter
2008-01-09,1440,1440,0,0,True,29.807333333333336,1.162,0.284,8.963,1,2008,Winter
2008-01-10,1440,1440,0,0,True,31.567933333333333,1.307,0.285,9.992,1,2008,Winter
2008-01-11,1440,1440,0,0,True,28.4303,1.261,0.29,7.997,1,2008,Winter
2008-01-12,1440,1440,0,0,True,47.8568,5.594,2.621,11.116,1,2008,Winter
2008-01-13,1440,1439,1,0,True,48.10183333333334,6.505,0.341,9.379,1,2008,Winter
2008-01-14,1440,1440,0,0,True,33.748866666666665,5.918,0.339,9.738,1,2008,Winter
2008-01-15,1440,1440,0,0,True,44.781866666666666,0.782,6.883,14.512,1,2008,Winter
2008-01-16,1440,1440,0,0,True,35.59753333333333,1.162,3.43,9.391,1,2008,Winter
2008-01-17,1440,1440,0,0,True,26.2047,1.007,0.35,8.657,1,2008,Winter
2008-01-18,1440,1440,0,0,True,36.449799999999996,1.034,0.846,14.983,1,2008,Winter
2008-01-19,1440,1440,0,0,True,33.0051,2.521,6.054,8.015,1,2008,Winter
2008-01-20,1440,1440,0,0,True,29.00613333333333,1.775,0.38,4.94,1,2008,Winter
2008-01-21,1440,1440,0,0,True,30.9833,0.0,0.376,10.447,1,2008,Winter
2008-01-22,1440,1440,0,0,True,38.7503,4.67,7.64,7.552,1,2008,Winter
2008-01-23,1440,1440,0,0,True,31.3718,1.116,0.387,13.359,1,2008,Winter
2008-01-24,1440,1440,0,0,True,27.417033333333332,1.107,0.32,5.935,1,2008,Winter
2008-01-25,1440,1440,0,0,True,37.330933333333334,0.0,2.421,11.409,1,2008,Winter
2008-01-26,1440,1440,0,0,True,47.2498,4.925,0.311,15.606,1,2008,Winter
2008-01-27,1440,1440,0,0,True,39.6961,3.725,3.818,7.367,1,2008,Winter
2008-01-28,1440,1440,0,0,True,38.46993333333333,1.142,0.28,12.792,1,2008,Winter
2008-01-29,1440,1440,0,0,True,44.6004,1.487,6.199,11.077,1,2008,Winter
2008-01-30,1440,1440,0,0,True,27.3441,0.0,0.261,7.261,1,2008,Winter
2008-01-31,1440,1440,0,0,True,32.56536666666667,1.165,0.267,9.437,1,2008,Winter
2008-02-01,1440,1440,0,0,True,25.577533333333335,0.336,0.28,7.241,2,2008,Winter
2008-02-02,1440,1439,1,0,True,49.0073,6.286,2.764,15.206,2,2008,Winter
2008-02-03,1440,1440,0,0,True,34.7428,2.319,4.435,8.452,2,2008,Winter
2008-02-04,1440,1440,0,0,True,27.13563333333333,1.161,0.252,9.531,2,2008,Winter
2008-02-05,1440,1440,0,0,True,41.2076,1.098,7.803,13.717,2,2008,Winter
2008-02-06,1440,1440,0,0,True,27.825666666666667,2.114,0.356,8.428,2,2008,Winter
2008-02-07,1440,1440,0,0,True,25.305166666666665,0.0,0.295,8.089,2,2008,Winter
2008-02-08,1440,1440,0,0,True,32.5094,0.94,1.921,9.563,2,2008,Winter
2008-02-09,1440,1440,0,0,True,35.03793333333333,2.05,2.838,10.293,2,2008,Winter
2008-02-10,1440,1440,0,0,True,36.411899999999996,2.562,2.955,10.128,2,2008,Winter
2008-02-11,1440,1440,0,0,True,28.200266666666668,1.018,0.297,8.93,2,2008,Winter
2008-02-12,1440,1440,0,0,True,33.12996666666667,2.009,1.856,12.138,2,2008,Winter
2008-02-13,1440,1440,0,0,True,31.674966666666666,2.53,3.615,7.568,2,2008,Winter
2008-02-14,1440,1440,0,0,True,26.7437,1.3,0.291,9.299,2,2008,Winter
2008-02-15,1440,1440,0,0,True,33.42013333333333,1.109,1.723,13.417,2,2008,Winter
2008-02-16,1440,1440,0,0,True,39.1158,1.076,2.36,11.599,2,2008,Winter
2008-02-17,1440,1440,0,0,True,32.2228,3.182,2.257,6.049,2,2008,Winter
2008-02-18,1440,1440,0,0,True,25.240066666666667,0.0,0.251,10.345,2,2008,Winter
2008-02-19,1440,1440,0,0,True,35.448600000000006,1.881,4.711,11.2,2,2008,Winter
2008-02-20,1440,1440,0,0,True,37.56316666666667,3.655,5.516,7.704,2,2008,Winter
2008-02-21,1440,1440,0,0,True,27.230833333333333,0.0,0.307,8.523,2,2008,Winter
2008-02-22,1440,1440,0,0,True,28.876066666666667,1.167,1.985,10.101,2,2008,Winter
2008-02-23,1440,1438,2,0,True,30.607899999999997,1.684,2.25,10.074,2,2008,Winter
2008-02-24,1440,1440,0,0,True,21.050133333333335,0.754,0.332,11.447,2,2008,Winter
2008-02-25,1440,1440,0,0,True,8.408133333333334,0.0,0.321,1.856,2,2008,Winter
2008-02-26,1440,1440,0,0,True,8.452,0.0,0.295,2.013,2,2008,Winter
2008-02-27,1440,1440,0,0,True,9.445333333333334,0.0,0.326,2.969,2,2008,Winter
2008-02-28,1440,1440,0,0,True,8.4864,0.0,0.281,2.028,2,2008,Winter
2008-02-29,1440,1440,0,0,True,22.222466666666666,0.0,3.773,8.062,2,2008,Winter
2008-03-01,1440,1440,0,0,True,19.031266666666667,0.0,1.287,2.724,3,2008,Spring
2008-03-02,1440,1440,0,0,True,19.370433333333335,0.0,5.244,2.565,3,2008,Spring
2008-03-03,1440,1440,0,0,True,17.342499999999998,0.0,2.207,1.755,3,2008,Spring
2008-03-04,1440,1440,0,0,True,27.8165,1.249,2.443,9.415,3,2008,Spring
2008-03-05,1440,1440,0,0,True,33.95346666666667,1.145,9.797,5.529,3,2008,Spring
2008-03-06,1440,1440,0,0,True,41.72013333333334,1.082,0.372,6.965,3,2008,Spring
2008-03-07,1440,1440,0,0,True,31.049266666666664,1.235,3.471,9.033,3,2008,Spring
2008-03-08,1440,1440,0,0,True,37.477666666666664,6.286,0.346,8.435,3,2008,Spring
2008-03-09,1440,1440,0,0,True,26.007633333333334,2.607,0.333,4.155,3,2008,Spring
2008-03-10,1440,1440,0,0,True,26.978099999999998,2.009,0.368,8.66,3,2008,Spring
2008-03-11,1440,1440,0,0,True,36.667366666666666,1.271,3.901,12.936,3,2008,Spring
2008-03-12,1440,1440,0,0,True,29.570533333333334,1.12,2.374,11.042,3,2008,Spring
2008-03-13,1440,1440,0,0,True,27.92523333333333,3.263,3.59,5.464,3,2008,Spring
2008-03-14,1440,1440,0,0,True,36.836999999999996,0.98,3.881,14.476,3,2008,Spring
2008-03-15,1440,1440,0,0,True,26.271666666666665,2.55,0.502,5.91,3,2008,Spring
2008-03-16,1440,1440,0,0,True,30.032666666666668,2.394,0.566,11.286,3,2008,Spring
2008-03-17,1440,1440,0,0,True,28.448633333333337,0.236,6.651,9.346,3,2008,Spring
2008-03-18,1440,1440,0,0,True,31.959433333333333,1.156,4.019,12.544,3,2008,Spring
2008-03-19,1440,1440,0,0,True,21.807466666666667,2.11,0.411,6.154,3,2008,Spring
2008-03-20,1440,1440,0,0,True,20.887900000000002,1.107,0.478,6.67,3,2008,Spring
2008-03-21,1440,1440,0,0,True,34.4407,2.171,4.778,13.275,3,2008,Spring
2008-03-22,1440,1440,0,0,True,34.22526666666667,3.322,0.588,12.405,3,2008,Spring
2008-03-23,1440,1440,0,0,True,38.76649999999999,6.279,2.112,13.878,3,2008,Spring
2008-03-24,1440,1439,1,0,True,32.937866666666665,1.131,5.989,7.026,3,2008,Spring
2008-03-25,1440,1440,0,0,True,33.5976,2.246,3.677,13.494,3,2008,Spring
2008-03-26,1440,1440,0,0,True,27.224533333333333,2.547,3.831,7.547,3,2008,Spring
2008-03-27,1440,1440,0,0,True,22.847033333333336,0.0,0.356,9.022,3,2008,Spring
2008-03-28,1440,1440,0,0,True,31.423733333333335,2.325,3.605,11.581,3,2008,Spring
2008-03-29,1440,1440,0,0,True,41.185833333333335,5.153,0.375,17.24,3,2008,Spring
2008-03-30,1440,1440,0,0,True,35.773199999999996,5.045,1.315,9.769,3,2008,Spring
2008-03-31,1440,1440,0,0,True,22.9595,1.091,0.411,9.387,3,2008,Spring
2008-04-01,1440,1440,0,0,True,35.4842,1.079,6.657,14.515,4,2008,Spring
2008-04-02,1440,1440,0,0,True,28.194533333333332,1.106,3.674,7.989,4,2008,Spring
2008-04-03,1440,1440,0,0,True,18.8126,0.0,0.422,6.901,4,2008,Spring
2008-04-04,1440,1440,0,0,True,27.19863333333333,2.133,0.775,13.246,4,2008,Spring
2008-04-05,1440,1440,0,0,True,32.84603333333333,2.929,0.874,13.644,4,2008,Spring
2008-04-06,1440,1440,0,0,True,28.271966666666668,1.124,2.615,7.552,4,2008,Spring
2008-04-07,1440,1440,0,0,True,25.647299999999998,2.42,0.672,9.466,4,2008,Spring
2008-04-08,1440,1440,0,0,True,44.29193333333333,2.752,10.713,17.519,4,2008,Spring
2008-04-09,1440,1440,0,0,True,20.314200000000003,0.0,0.376,9.003,4,2008,Spring
2008-04-10,1440,1440,0,0,True,24.6291,3.261,0.457,6.527,4,2008,Spring
2008-04-11,1440,1440,0,0,True,31.2944,1.802,0.491,14.522,4,2008,Spring
2008-04-12,1440,1440,0,0,True,46.666900000000005,7.076,2.499,15.225,4,2008,Spring
2008-04-13,1440,1440,0,0,True,37.216433333333335,2.554,5.942,13.007,4,2008,Spring
2008-04-14,1440,1440,0,0,True,26.493033333333333,0.0,0.425,11.197,4,2008,Spring
2008-04-15,1440,1440,0,0,True,27.8401,1.174,3.998,9.874,4,2008,Spring
2008-04-16,1440,1440,0,0,True,24.817733333333333,0.838,0.403,11.322,4,2008,Spring
2008-04-17,1440,1440,0,0,True,23.264366666666668,1.719,0.417,8.638,4,2008,Spring
2008-04-18,1440,1440,0,0,True,31.039833333333334,2.174,3.832,10.921,4,2008,Spring
2008-04-19,1440,1440,0,0,True,37.56183333333333,4.319,2.457,14.722,4,2008,Spring
2008-04-20,1440,1440,0,0,True,29.856966666666665,1.03,4.544,10.401,4,2008,Spring
2008-04-21,1440,1440,0,0,True,19.4026,0.0,2.673,6.788,4,2008,Spring
2008-04-22,1440,1440,0,0,True,27.12793333333333,0.971,5.093,10.603,4,2008,Spring
2008-04-23,1440,1440,0,0,True,22.622133333333334,1.38,0.492,8.406,4,2008,Spring
2008-04-24,1440,1440,0,0,True,17.3962,1.263,0.522,5.296,4,2008,Spring
2008-04-25,1440,1440,0,0,True,21.128899999999998,0.824,2.004,9.4,4,2008,Spring
2008-04-26,1440,1440,0,0,True,15.052766666666667,0.0,0.634,3.586,4,2008,Spring
2008-04-27,1440,1440,0,0,True,16.804,0.693,0.588,5.488,4,2008,Spring
2008-04-28,1440,1440,0,0,True,10.9842,0.0,0.621,2.786,4,2008,Spring
2008-04-29,1440,1440,0,0,True,32.876933333333334,1.402,5.411,10.481,4,2008,Spring
2008-04-30,1440,1440,0,0,True,18.362099999999998,1.057,0.59,6.653,4,2008,Spring
2008-05-01,1440,1440,0,0,True,9.600233333333334,0.0,0.53,2.586,5,2008,Spring
2008-05-02,1440,1440,0,0,True,24.9628,3.114,0.584,8.687,5,2008,Spring
2008-05-03,1440,1440,0,0,True,21.493333333333332,0.996,0.541,6.535,5,2008,Spring
2008-05-04,1440,1440,0,0,True,24.516166666666667,2.196,2.872,5.464,5,2008,Spring
2008-05-05,1440,1440,0,0,True,22.7822,1.008,0.378,10.197,5,2008,Spring
2008-05-06,1440,1440,0,0,True,29.833000000000002,1.354,5.41,12.2,5,2008,Spring
2008-05-07,1440,1440,0,0,True,19.6044,1.03,0.423,6.649,5,2008,Spring
2008-05-08,1440,1440,0,0,True,35.278299999999994,3.667,0.702,12.717,5,2008,Spring
2008-05-09,1440,1440,0,0,True,29.121199999999998,2.229,0.423,11.904,5,2008,Spring
2008-05-10,1440,1440,0,0,True,31.8188,6.95,0.612,11.714,5,2008,Spring
2008-05-11,1440,1440,0,0,True,26.848666666666666,0.563,1.34,6.93,5,2008,Spring
2008-05-12,1440,1440,0,0,True,25.403399999999998,2.082,1.085,11.959,5,2008,Spring
2008-05-13,1440,1440,0,0,True,24.6149,0.823,4.089,8.37,5,2008,Spring
2008-05-14,1440,1440,0,0,True,26.404366666666665,2.467,3.436,9.716,5,2008,Spring
2008-05-15,1440,1440,0,0,True,19.379466666666666,0.868,0.57,6.82,5,2008,Spring
2008-05-16,1440,1438,2,0,True,27.518766666666668,2.228,2.569,8.957,5,2008,Spring
2008-05-17,1440,1440,0,0,True,27.624233333333333,2.158,0.935,12.472,5,2008,Spring
2008-05-18,1440,1440,0,0,True,30.065966666666668,1.775,5.355,8.626,5,2008,Spring
2008-05-19,1440,1440,0,0,True,17.171033333333334,1.014,0.558,7.503,5,2008,Spring
2008-05-20,1440,1440,0,0,True,26.355566666666668,1.352,2.431,11.977,5,2008,Spring
2008-05-21,1440,1440,0,0,True,22.068533333333335,1.989,0.474,9.251,5,2008,Spring
2008-05-22,1440,1440,0,0,True,16.281133333333333,0.996,0.44,6.475,5,2008,Spring
2008-05-23,1440,1440,0,0,True,24.7486,0.0,1.39,14.734,5,2008,Spring
2008-05-24,1440,1440,0,0,True,26.336266666666667,1.027,0.569,12.833,5,2008,Spring
2008-05-25,1440,1440,0,0,True,34.141733333333335,4.307,8.811,6.016,5,2008,Spring
2008-05-26,1440,1440,0,0,True,21.495166666666666,0.985,0.666,9.284,5,2008,Spring
2008-05-27,1440,1440,0,0,True,28.478333333333335,0.0,5.352,11.478,5,2008,Spring
2008-05-28,1440,1440,0,0,True,18.572866666666666,3.138,0.512,6.709,5,2008,Spring
2008-05-29,1440,1440,0,0,True,18.917933333333334,1.004,0.507,8.703,5,2008,Spring
2008-05-30,1440,1440,0,0,True,23.287399999999998,0.0,3.019,11.298,5,2008,Spring
2008-05-31,1440,1440,0,0,True,27.357833333333335,1.764,2.328,11.858,5,2008,Spring
2008-06-01,1440,1440,0,0,True,30.8146,1.906,0.545,11.307,6,2008,Summer
2008-06-02,1440,1440,0,0,True,17.900199999999998,0.96,0.558,6.341,6,2008,Summer
2008-06-03,1440,1440,0,0,True,26.630266666666667,2.897,2.608,9.265,6,2008,Summer
2008-06-04,1440,1440,0,0,True,26.48186666666667,1.55,7.682,6.508,6,2008,Summer
2008-06-05,1440,1440,0,0,True,18.667966666666665,1.747,0.506,8.781,6,2008,Summer
2008-06-06,1440,1440,0,0,True,20.295233333333332,1.009,0.506,7.871,6,2008,Summer
2008-06-07,1440,1440,0,0,True,31.37473333333333,2.379,2.611,14.593,6,2008,Summer
2008-06-08,1440,1440,0,0,True,25.705366666666666,2.536,3.161,9.732,6,2008,Summer
2008-06-09,1440,1440,0,0,True,22.094966666666668,1.967,2.085,7.921,6,2008,Summer
2008-06-10,1440,1440,0,0,True,17.78483333333333,0.907,0.585,8.992,6,2008,Summer
2008-06-11,1440,1440,0,0,True,18.7201,0.977,0.842,7.566,6,2008,Summer
2008-06-12,1440,1440,0,0,True,20.98886666666667,1.951,0.567,7.246,6,2008,Summer
2008-06-13,1440,1439,1,0,True,31.251666666666665,2.809,7.358,10.531,6,2008,Summer
2008-06-14,1440,1440,0,0,True,23.082,1.862,1.011,10.681,6,2008,Summer
2008-06-15,1440,1440,0,0,True,38.1517,6.471,6.802,11.589,6,2008,Summer
2008-06-16,1440,1440,0,0,True,21.7174,1.98,0.464,10.012,6,2008,Summer
2008-06-17,1440,1440,0,0,True,19.084733333333336,1.08,0.432,10.094,6,2008,Summer
2008-06-18,1440,1440,0,0,True,31.560133333333333,7.549,3.04,12.687,6,2008,Summer
2008-06-19,1440,1440,0,0,True,26.46803333333333,3.411,1.514,10.911,6,2008,Summer
2008-06-20,1440,1440,0,0,True,27.935066666666668,2.948,2.935,12.417,6,2008,Summer
2008-06-21,1440,1440,0,0,True,28.90423333333333,0.94,5.823,12.828,6,2008,Summer
2008-06-22,1440,1440,0,0,True,26.106933333333334,4.705,1.175,10.652,6,2008,Summer
2008-06-23,1440,1440,0,0,True,20.863266666666668,2.6,0.581,10.124,6,2008,Summer
2008-06-24,1440,1440,0,0,True,29.240866666666665,2.779,3.489,14.271,6,2008,Summer
2008-06-25,1440,1440,0,0,True,21.0295,2.773,0.569,9.402,6,2008,Summer
2008-06-26,1440,1440,0,0,True,17.60033333333333,0.921,0.572,8.971,6,2008,Summer
2008-06-27,1440,1440,0,0,True,29.252533333333336,4.159,2.372,10.163,6,2008,Summer
2008-06-28,1440,1440,0,0,True,20.146666666666665,0.0,2.0,7.932,6,2008,Summer
2008-06-29,1440,1440,0,0,True,12.4892,0.955,0.535,3.896,6,2008,Summer
2008-06-30,1440,1440,0,0,True,13.403266666666667,0.0,0.521,6.819,6,2008,Summer
2008-07-01,1440,1440,0,0,True,20.254,3.465,0.587,8.39,7,2008,Summer
2008-07-02,1440,1440,0,0,True,19.120033333333332,0.962,0.65,7.002,7,2008,Summer
2008-07-03,1440,1440,0,0,True,18.305999999999997,0.958,2.569,7.41,7,2008,Summer
2008-07-04,1440,1440,0,0,True,15.700333333333333,0.0,0.589,8.302,7,2008,Summer
2008-07-05,1440,1440,0,0,True,24.4848,1.875,6.754,8.365,7,2008,Summer
2008-07-06,1440,1440,0,0,True,30.084400000000002,4.258,5.23,7.536,7,2008,Summer
2008-07-07,1440,1440,0,0,True,16.389833333333332,2.171,0.592,7.149,7,2008,Summer
2008-07-08,1440,1440,0,0,True,18.770233333333334,0.991,0.503,7.592,7,2008,Summer
2008-07-09,1440,1440,0,0,True,15.321966666666667,0.951,0.499,7.352,7,2008,Summer
2008-07-10,1440,1440,0,0,True,20.8546,0.982,0.552,8.186,7,2008,Summer
2008-07-11,1440,1440,0,0,True,20.903599999999997,0.724,0.558,9.251,7,2008,Summer
2008-07-12,1440,1440,0,0,True,22.147533333333335,4.436,2.617,7.231,7,2008,Summer
2008-07-13,1440,1438,2,0,True,20.910566666666668,1.671,3.164,7.056,7,2008,Summer
2008-07-14,1440,1440,0,0,True,18.965433333333333,2.564,1.995,6.436,7,2008,Summer
2008-07-15,1440,1440,0,0,True,19.264333333333333,0.968,0.552,8.585,7,2008,Summer
2008-07-16,1440,1440,0,0,True,17.95103333333333,1.537,2.799,4.978,7,2008,Summer
2008-07-17,1440,1440,0,0,True,21.985366666666668,1.122,0.723,8.28,7,2008,Summer
2008-07-18,1440,1440,0,0,True,21.026400000000002,1.143,0.552,9.26,7,2008,Summer
2008-07-19,1440,1440,0,0,True,22.400233333333333,2.941,3.146,7.676,7,2008,Summer
2008-07-20,1440,1440,0,0,True,15.692233333333332,1.943,1.076,5.457,7,2008,Summer
2008-07-21,1440,1440,0,0,True,19.274633333333334,1.698,0.431,9.189,7,2008,Summer
2008-07-22,1440,1440,0,0,True,12.337366666666666,0.0,0.43,4.886,7,2008,Summer
2008-07-23,1440,1440,0,0,True,15.7105,1.233,0.454,6.325,7,2008,Summer
2008-07-24,1440,1440,0,0,True,18.22416666666667,0.837,0.476,8.344,7,2008,Summer
2008-07-25,1440,1440,0,0,True,14.425566666666667,1.168,0.492,6.731,7,2008,Summer
2008-07-26,1440,1440,0,0,True,13.594733333333332,0.0,0.948,6.243,7,2008,Summer
2008-07-27,1440,1440,0,0,True,19.123266666666666,1.063,0.858,8.385,7,2008,Summer
2008-07-28,1440,1440,0,0,True,13.763399999999999,0.0,0.509,5.963,7,2008,Summer
2008-07-29,1440,1440,0,0,True,19.442633333333333,1.571,0.53,5.802,7,2008,Summer
2008-07-30,1440,1440,0,0,True,21.665133333333333,2.548,0.773,6.278,7,2008,Summer
2008-07-31,1440,1440,0,0,True,23.21063333333333,1.533,2.808,7.588,7,2008,Summer
2008-08-01,1440,1440,0,0,True,12.326266666666667,0.586,1.15,5.091,8,2008,Summer
2008-08-02,1440,1440,0,0,True,8.4296,0.0,0.504,3.803,8,2008,Summer
2008-08-03,1440,1440,0,0,True,8.413033333333333,0.0,0.499,3.926,8,2008,Summer
2008-08-04,1440,1439,1,0,True,18.775466666666667,0.596,4.677,4.411,8,2008,Summer
2008-08-05,1440,1440,0,0,True,13.785300000000001,0.635,0.509,7.118,8,2008,Summer
2008-08-06,1440,1440,0,0,True,5.4352,0.0,0.513,2.215,8,2008,Summer
2008-08-07,1440,1440,0,0,True,5.5814,0.0,0.526,2.357,8,2008,Summer
2008-08-08,1440,1440,0,0,True,5.036666666666666,0.0,0.481,1.98,8,2008,Summer
2008-08-09,1440,1440,0,0,True,5.982066666666666,0.0,0.489,1.902,8,2008,Summer
2008-08-10,1440,1440,0,0,True,5.8671999999999995,0.0,0.464,1.905,8,2008,Summer
2008-08-11,1440,1440,0,0,True,6.1986,0.0,0.489,1.88,8,2008,Summer
2008-08-12,1440,1440,0,0,True,4.8164,0.0,0.462,1.844,8,2008,Summer
2008-08-13,1440,1440,0,0,True,4.709733333333333,0.0,0.451,1.789,8,2008,Summer
2008-08-14,1440,1440,0,0,True,4.5043,0.0,0.441,1.641,8,2008,Summer
2008-08-15,1440,1440,0,0,True,4.5609,0.0,0.439,1.691,8,2008,Summer
2008-08-16,1440,1440,0,0,True,4.580233333333334,0.0,0.442,1.688,8,2008,Summer
2008-08-17,1440,1440,0,0,True,4.579933333333333,0.0,0.445,1.71,8,2008,Summer
2008-08-18,1440,1440,0,0,True,4.562633333333333,0.0,0.44,1.719,8,2008,Summer
2008-08-19,1440,1440,0,0,True,4.5782,0.0,0.442,1.697,8,2008,Summer
2008-08-20,1440,1440,0,0,True,4.474533333333333,0.0,0.437,1.626,8,2008,Summer
2008-08-21,1440,1440,0,0,True,4.354966666666667,0.0,0.432,1.577,8,2008,Summer
2008-08-22,1440,1440,0,0,True,4.452066666666667,0.0,0.438,1.614,8,2008,Summer
2008-08-23,1440,1440,0,0,True,4.244033333333333,0.0,0.419,1.485,8,2008,Summer
2008-08-24,1440,1440,0,0,True,4.245266666666667,0.0,0.404,1.523,8,2008,Summer
2008-08-25,1440,1440,0,0,True,4.171633333333333,0.0,0.422,1.436,8,2008,Summer
2008-08-26,1440,1440,0,0,True,4.2927333333333335,0.0,0.42,1.533,8,2008,Summer
2008-08-27,1440,1440,0,0,True,4.3019,0.0,0.399,1.539,8,2008,Summer
2008-08-28,1440,1440,0,0,True,4.470766666666666,0.0,0.432,1.631,8,2008,Summer
2008-08-29,1440,1440,0,0,True,4.4598,0.0,0.43,1.599,8,2008,Summer
2008-08-30,1440,1440,0,0,True,4.507066666666666,0.0,0.435,1.619,8,2008,Summer
2008-08-31,1440,1439,1,0,True,25.042199999999998,2.056,3.733,12.136,8,2008,Summer
2008-09-01,1440,1440,0,0,True,20.791833333333333,0.95,0.521,10.183,9,2008,Autumn
2008-09-02,1440,1440,0,0,True,23.069233333333333,4.273,1.206,6.648,9,2008,Autumn
2008-09-03,1440,1440,0,0,True,23.141433333333335,1.326,1.902,10.213,9,2008,Autumn
2008-09-04,1440,1440,0,0,True,20.420333333333335,2.225,0.404,9.408,9,2008,Autumn
2008-09-05,1440,1440,0,0,True,14.566,0.379,0.431,6.943,9,2008,Autumn
2008-09-06,1440,1440,0,0,True,31.1429,2.948,6.5,13.4,9,2008,Autumn
2008-09-07,1440,1440,0,0,True,22.877599999999997,3.612,1.707,5.976,9,2008,Autumn
2008-09-08,1440,1440,0,0,True,21.822066666666668,0.747,2.293,9.559,9,2008,Autumn
2008-09-09,1440,1440,0,0,True,19.327566666666666,0.236,0.453,7.728,9,2008,Autumn
2008-09-10,1440,1440,0,0,True,21.679399999999998,1.009,0.399,10.281,9,2008,Autumn
2008-09-11,1440,1440,0,0,True,17.145233333333334,1.005,0.417,7.644,9,2008,Autumn
2008-09-12,1440,1440,0,0,True,23.212699999999998,1.867,0.402,8.738,9,2008,Autumn
2008-09-13,1440,1440,0,0,True,27.1906,0.93,5.433,11.807,9,2008,Autumn
2008-09-14,1440,1440,0,0,True,26.272100000000002,4.673,0.445,6.538,9,2008,Autumn
2008-09-15,1440,1440,0,0,True,28.295133333333336,0.96,0.364,10.322,9,2008,Autumn
2008-09-16,1440,1440,0,0,True,20.36436666666667,0.0,0.368,8.249,9,2008,Autumn
2008-09-17,1440,1440,0,0,True,25.32016666666667,1.91,3.727,9.371,9,2008,Autumn
2008-09-18,1440,1440,0,0,True,25.088166666666666,4.202,0.357,7.991,9,2008,Autumn
2008-09-19,1440,1440,0,0,True,25.3141,1.569,0.351,12.367,9,2008,Autumn
2008-09-20,1440,1440,0,0,True,21.743333333333332,0.0,0.37,12.477,9,2008,Autumn
2008-09-21,1440,1440,0,0,True,25.551166666666667,4.01,2.381,8.347,9,2008,Autumn
2008-09-22,1440,1440,0,0,True,22.642733333333336,1.014,2.448,10.227,9,2008,Autumn
2008-09-23,1440,1440,0,0,True,20.546466666666667,0.0,2.168,7.92,9,2008,Autumn
2008-09-24,1440,1440,0,0,True,28.639166666666664,2.019,4.73,10.548,9,2008,Autumn
2008-09-25,1440,1440,0,0,True,18.853666666666665,1.012,0.751,8.485,9,2008,Autumn
2008-09-26,1440,1440,0,0,True,23.8575,1.221,0.37,10.89,9,2008,Autumn
2008-09-27,1440,1440,0,0,True,35.457433333333334,4.347,2.584,12.688,9,2008,Autumn
2008-09-28,1440,1440,0,0,True,28.851733333333335,1.92,0.385,11.242,9,2008,Autumn
2008-09-29,1440,1440,0,0,True,25.02896666666667,1.014,0.363,10.677,9,2008,Autumn
2008-09-30,1440,1440,0,0,True,22.916766666666668,0.998,0.36,7.415,9,2008,Autumn
2008-10-01,1440,1440,0,0,True,31.20606666666667,2.249,5.8,10.808,10,2008,Autumn
2008-10-02,1440,1440,0,0,True,22.42236666666667,0.0,0.367,9.06,10,2008,Autumn
2008-10-03,1440,1440,0,0,True,26.87633333333333,4.801,0.349,9.432,10,2008,Autumn
2008-10-04,1440,1440,0,0,True,35.00826666666667,3.462,0.629,12.573,10,2008,Autumn
2008-10-05,1440,1440,0,0,True,25.8325,0.99,3.257,6.071,10,2008,Autumn
2008-10-06,1440,1440,0,0,True,23.729699999999998,0.99,0.286,9.562,10,2008,Autumn
2008-10-07,1440,1440,0,0,True,28.776133333333334,1.016,0.419,9.476,10,2008,Autumn
2008-10-08,1440,1440,0,0,True,31.0096,1.044,5.126,11.65,10,2008,Autumn
2008-10-09,1440,1440,0,0,True,33.061366666666665,1.032,3.064,11.652,10,2008,Autumn
2008-10-10,1440,1440,0,0,True,25.305633333333333,0.0,0.389,12.046,10,2008,Autumn
2008-10-11,1440,1440,0,0,True,27.8231,2.144,2.335,11.373,10,2008,Autumn
2008-10-12,1440,1440,0,0,True,31.799,2.561,5.822,7.171,10,2008,Autumn
2008-10-13,1440,1440,0,0,True,24.366266666666665,1.037,0.535,9.483,10,2008,Autumn
2008-10-14,1440,1440,0,0,True,26.817600000000002,1.177,0.442,9.939,10,2008,Autumn
2008-10-15,1440,1440,0,0,True,35.94826666666667,1.998,7.042,9.984,10,2008,Autumn
2008-10-16,1440,1440,0,0,True,26.39466666666667,0.951,0.429,8.438,10,2008,Autumn
2008-10-17,1440,1440,0,0,True,31.114766666666664,2.036,3.187,9.639,10,2008,Autumn
2008-10-18,1440,1440,0,0,True,37.319833333333335,0.799,1.655,12.146,10,2008,Autumn
2008-10-19,1440,1440,0,0,True,32.865566666666666,0.698,8.01,4.6,10,2008,Autumn
2008-10-20,1440,1440,0,0,True,27.79256666666667,0.844,2.648,10.475,10,2008,Autumn
2008-10-21,1440,1440,0,0,True,34.395266666666664,0.857,2.663,11.331,10,2008,Autumn
2008-10-22,1440,1440,0,0,True,27.4335,0.662,2.542,8.487,10,2008,Autumn
2008-10-23,1440,1440,0,0,True,30.508233333333333,0.815,1.435,10.587,10,2008,Autumn
2008-10-24,1440,1440,0,0,True,35.55376666666667,7.893,2.277,10.284,10,2008,Autumn
2008-10-25,1440,1397,5,38,False,,,,,10,2008,Autumn
2008-10-26,1440,1440,0,0,True,8.724866666666665,0.0,0.36,2.013,10,2008,Autumn
2008-10-27,1440,1440,0,0,True,8.731533333333335,0.0,0.402,1.967,10,2008,Autumn
2008-10-28,1440,1440,0,0,True,22.1215,2.263,0.362,5.09,10,2008,Autumn
2008-10-29,1440,1440,0,0,True,26.876266666666666,1.037,0.345,4.015,10,2008,Autumn
2008-10-30,1440,1440,0,0,True,18.31,0.0,0.345,2.619,10,2008,Autumn
2008-10-31,1440,1440,0,0,True,21.430533333333337,0.0,0.312,10.483,10,2008,Autumn
2008-11-01,1440,1440,0,0,True,13.841633333333334,0.0,0.344,1.939,11,2008,Autumn
2008-11-02,1440,1440,0,0,True,15.1769,0.0,0.346,2.824,11,2008,Autumn
2008-11-03,1440,1440,0,0,True,14.126666666666667,0.963,0.347,1.892,11,2008,Autumn
2008-11-04,1440,1440,0,0,True,26.0386,0.0,6.214,4.106,11,2008,Autumn
2008-11-05,1440,1440,0,0,True,52.24883333333333,7.597,10.409,8.362,11,2008,Autumn
2008-11-06,1440,1440,0,0,True,26.47396666666667,1.033,0.43,6.734,11,2008,Autumn
2008-11-07,1440,1440,0,0,True,26.9864,1.032,0.389,10.421,11,2008,Autumn
2008-11-08,1440,1440,0,0,True,28.88563333333333,1.114,3.271,6.069,11,2008,Autumn
2008-11-09,1440,1440,0,0,True,42.975633333333334,6.301,0.661,14.348,11,2008,Autumn
2008-11-10,1440,1434,5,1,False,,,,,11,2008,Autumn
2008-11-11,1440,1440,0,0,True,40.9325,2.475,2.288,14.651,11,2008,Autumn
2008-11-12,1440,1438,2,0,True,36.50476666666667,1.066,2.752,9.43,11,2008,Autumn
2008-11-13,1440,1440,0,0,True,20.641000000000002,0.0,0.338,6.315,11,2008,Autumn
2008-11-14,1440,1440,0,0,True,27.02896666666667,2.092,0.325,9.929,11,2008,Autumn
2008-11-15,1440,1440,0,0,True,50.52713333333334,3.952,3.799,15.635,11,2008,Autumn
2008-11-16,1440,1440,0,0,True,39.42386666666666,4.791,1.829,8.945,11,2008,Autumn
2008-11-17,1440,1440,0,0,True,25.393933333333333,0.0,0.378,10.59,11,2008,Autumn
2008-11-18,1440,1440,0,0,True,29.15083333333333,1.079,0.369,11.204,11,2008,Autumn
2008-11-19,1440,1440,0,0,True,30.670633333333335,1.737,3.026,8.704,11,2008,Autumn
2008-11-20,1440,1440,0,0,True,28.2056,1.034,0.347,7.732,11,2008,Autumn
2008-11-21,1440,1440,0,0,True,27.898833333333336,1.039,0.348,10.396,11,2008,Autumn
2008-11-22,1440,1440,0,0,True,28.5228,1.093,0.882,8.32,11,2008,Autumn
2008-11-23,1440,1439,1,0,True,56.77966666666667,3.631,8.823,10.29,11,2008,Autumn
2008-11-24,1440,1440,0,0,True,53.54996666666667,1.063,0.51,13.378,11,2008,Autumn
2008-11-25,1440,1440,0,0,True,45.0475,3.01,0.345,10.471,11,2008,Autumn
2008-11-26,1440,1440,0,0,True,25.2659,0.909,0.304,10.002,11,2008,Autumn
2008-11-27,1440,1440,0,0,True,39.3703,2.491,0.33,12.44,11,2008,Autumn
2008-11-28,1440,1440,0,0,True,31.43273333333333,1.113,0.295,11.361,11,2008,Autumn
2008-11-29,1440,1440,0,0,True,40.5778,5.268,2.392,12.386,11,2008,Autumn
2008-11-30,1440,1440,0,0,True,40.023133333333334,1.161,3.481,11.474,11,2008,Autumn
2008-12-01,1440,1440,0,0,True,26.9423,1.085,0.309,9.013,12,2008,Winter
2008-12-02,1440,1440,0,0,True,29.890733333333333,0.0,0.304,11.343,12,2008,Winter
2008-12-03,1440,1440,0,0,True,29.25273333333333,1.137,0.302,9.664,12,2008,Winter
2008-12-04,1440,1440,0,0,True,28.9773,1.085,0.281,11.314,12,2008,Winter
2008-12-05,1440,1440,0,0,True,34.3103,0.831,0.31,9.852,12,2008,Winter
2008-12-06,1440,1440,0,0,True,42.06393333333333,4.005,5.749,9.048,12,2008,Winter
2008-12-07,1440,1440,0,0,True,41.11233333333333,3.294,0.31,13.627,12,2008,Winter
2008-12-08,1440,1440,0,0,True,31.143933333333333,1.117,0.296,13.256,12,2008,Winter
2008-12-09,1440,1440,0,0,True,33.385733333333334,1.985,2.553,12.886,12,2008,Winter
2008-12-10,1440,1370,5,65,False,,,,,12,2008,Winter
2008-12-11,1440,1440,0,0,True,23.875366666666665,1.16,0.273,7.979,12,2008,Winter
2008-12-12,1440,1440,0,0,True,30.258899999999997,1.157,0.255,12.154,12,2008,Winter
2008-12-13,1440,1440,0,0,True,30.426233333333336,2.186,0.261,9.271,12,2008,Winter
2008-12-14,1440,1440,0,0,True,33.36866666666666,3.742,2.497,5.415,12,2008,Winter
2008-12-15,1440,1440,0,0,True,29.924166666666668,1.178,0.252,9.668,12,2008,Winter
2008-12-16,1440,1440,0,0,True,29.9515,0.0,0.253,11.334,12,2008,Winter
2008-12-17,1440,1440,0,0,True,34.97976666666667,4.251,0.284,10.813,12,2008,Winter
2008-12-18,1440,1440,0,0,True,28.949,1.125,0.258,11.293,12,2008,Winter
2008-12-19,1440,1440,0,0,True,31.368533333333335,1.538,0.296,11.773,12,2008,Winter
2008-12-20,1440,1439,1,0,True,37.402366666666666,1.134,6.479,12.837,12,2008,Winter
2008-12-21,1440,1440,0,0,True,44.06016666666667,1.099,9.189,14.816,12,2008,Winter
2008-12-22,1440,1440,0,0,True,33.5968,2.157,0.391,10.433,12,2008,Winter
2008-12-23,1440,1440,0,0,True,29.968133333333334,2.666,2.115,8.326,12,2008,Winter
2008-12-24,1440,1440,0,0,True,21.160633333333333,0.0,0.364,9.981,12,2008,Winter
2008-12-25,1440,1440,0,0,True,17.685299999999998,0.0,0.285,3.598,12,2008,Winter
2008-12-26,1440,1440,0,0,True,20.395533333333333,1.121,0.279,7.796,12,2008,Winter
2008-12-27,1440,1440,0,0,True,49.53606666666667,0.0,0.244,12.209,12,2008,Winter
2008-12-28,1440,1440,0,0,True,26.177366666666668,1.953,0.217,5.291,12,2008,Winter
2008-12-29,1440,1440,0,0,True,9.254633333333334,0.0,0.218,2.48,12,2008,Winter
2008-12-30,1440,1440,0,0,True,19.920633333333335,0.0,0.245,7.145,12,2008,Winter
2008-12-31,1440,1440,0,0,True,32.736466666666665,2.975,0.246,11.86,12,2008,Winter
2009-01-01,1440,1440,0,0,True,23.444866666666666,0.765,3.845,2.803,1,2009,Winter
2009-01-02,1440,1440,0,0,True,38.79183333333334,2.417,6.018,11.841,1,2009,Winter
2009-01-03,1440,1440,0,0,True,31.8916,6.44,0.328,10.439,1,2009,Winter
2009-01-04,1440,1440,0,0,True,32.33323333333333,1.457,5.251,3.245,1,2009,Winter
2009-01-05,1440,1440,0,0,True,26.733333333333334,1.247,0.322,8.65,1,2009,Winter
2009-01-06,1440,1440,0,0,True,28.16436666666667,0.0,0.254,12.462,1,2009,Winter
2009-01-07,1440,1440,0,0,True,34.6712,2.687,3.82,9.979,1,2009,Winter
2009-01-08,1440,1440,0,0,True,27.221166666666665,2.773,0.299,10.075,1,2009,Winter
2009-01-09,1440,1440,0,0,True,29.8117,1.802,0.272,9.285,1,2009,Winter
2009-01-10,1440,1440,0,0,True,35.04913333333333,2.828,4.288,12.539,1,2009,Winter
2009-01-11,1440,1440,0,0,True,32.93313333333334,4.521,5.301,5.887,1,2009,Winter
2009-01-12,1440,1440,0,0,True,26.48796666666667,0.0,0.261,12.147,1,2009,Winter
2009-01-13,1440,1440,0,0,True,36.376666666666665,1.14,0.329,16.194,1,2009,Winter
2009-01-14,1440,1439,1,0,True,29.69653333333333,2.279,0.332,10.318,1,2009,Winter
2009-01-15,1440,1440,0,0,True,26.0678,2.731,0.39,9.561,1,2009,Winter
2009-01-16,1440,1440,0,0,True,46.109233333333336,5.811,3.158,15.22,1,2009,Winter
2009-01-17,1440,1440,0,0,True,55.297000000000004,2.477,3.154,15.322,1,2009,Winter
2009-01-18,1440,1440,0,0,True,52.5699,5.649,6.701,12.727,1,2009,Winter
2009-01-19,1440,1440,0,0,True,28.3311,1.118,0.376,10.279,1,2009,Winter
2009-01-20,1440,1440,0,0,True,28.967133333333333,0.0,0.282,13.727,1,2009,Winter
2009-01-21,1440,1440,0,0,True,28.990566666666666,1.148,2.159,9.83,1,2009,Winter
2009-01-22,1440,1440,0,0,True,20.6226,0.0,0.341,8.246,1,2009,Winter
2009-01-23,1440,1440,0,0,True,31.842266666666667,2.078,0.295,12.146,1,2009,Winter
2009-01-24,1440,1440,0,0,True,36.6795,5.096,4.492,8.322,1,2009,Winter
2009-01-25,1440,1440,0,0,True,47.394400000000005,3.971,5.96,11.213,1,2009,Winter
2009-01-26,1440,1440,0,0,True,27.907866666666667,1.121,0.348,9.821,1,2009,Winter
2009-01-27,1440,1440,0,0,True,23.7505,0.896,0.278,6.608,1,2009,Winter
2009-01-28,1440,1440,0,0,True,45.36223333333333,2.301,6.949,14.285,1,2009,Winter
2009-01-29,1440,1440,0,0,True,26.2283,0.0,0.294,8.996,1,2009,Winter
2009-01-30,1440,1440,0,0,True,34.3173,1.622,0.28,12.147,1,2009,Winter
2009-01-31,1440,1440,0,0,True,55.2142,8.278,6.575,15.309,1,2009,Winter
2009-02-01,1440,1402,5,33,False,,,,,2,2009,Winter
2009-02-02,1440,1440,0,0,True,26.721666666666668,1.159,0.232,10.915,2,2009,Winter
2009-02-03,1440,1440,0,0,True,31.139833333333335,0.703,0.878,14.984,2,2009,Winter
2009-02-04,1440,1440,0,0,True,41.0154,0.871,6.961,15.96,2,2009,Winter
2009-02-05,1440,1440,0,0,True,27.4848,1.104,0.264,12.987,2,2009,Winter
2009-02-06,1440,1440,0,0,True,34.13993333333334,1.165,0.273,11.716,2,2009,Winter
2009-02-07,1440,1440,0,0,True,52.19226666666667,6.822,4.483,17.873,2,2009,Winter
2009-02-08,1440,1440,0,0,True,36.381099999999996,5.341,0.259,15.174,2,2009,Winter
2009-02-09,1440,1440,0,0,True,28.443966666666665,1.063,0.228,9.375,2,2009,Winter
2009-02-10,1440,1440,0,0,True,32.39703333333333,1.128,0.263,12.339,2,2009,Winter
2009-02-11,1440,1440,0,0,True,43.98983333333333,2.985,10.477,12.195,2,2009,Winter
2009-02-12,1440,1440,0,0,True,32.811,1.109,0.299,17.724,2,2009,Winter
2009-02-13,1440,1440,0,0,True,28.167033333333332,1.1,0.254,11.554,2,2009,Winter
2009-02-14,1440,1438,2,0,True,38.92216666666666,2.28,3.256,18.543,2,2009,Winter
2009-02-15,1440,1440,0,0,True,26.433866666666667,2.465,0.226,5.234,2,2009,Winter
2009-02-16,1440,1440,0,0,True,21.98323333333333,0.0,0.261,7.037,2,2009,Winter
2009-02-17,1440,1416,5,19,False,,,,,2,2009,Winter
2009-02-18,1440,1440,0,0,True,13.774166666666668,0.0,0.297,5.471,2,2009,Winter
2009-02-19,1440,1440,0,0,True,12.2878,1.046,0.262,1.796,2,2009,Winter
2009-02-20,1440,1440,0,0,True,31.3456,2.897,0.293,8.768,2,2009,Winter
2009-02-21,1440,1440,0,0,True,21.9364,2.111,0.262,3.983,2,2009,Winter
2009-02-22,1440,1440,0,0,True,37.307966666666665,3.816,8.576,7.133,2,2009,Winter
2009-02-23,1440,1440,0,0,True,45.56093333333333,1.212,3.744,12.471,2,2009,Winter
2009-02-24,1440,1440,0,0,True,29.719066666666667,0.0,1.602,14.512,2,2009,Winter
2009-02-25,1440,1440,0,0,True,19.497400000000003,1.092,0.274,7.359,2,2009,Winter
2009-02-26,1440,1440,0,0,True,19.280866666666668,0.0,0.268,6.841,2,2009,Winter
2009-02-27,1440,1440,0,0,True,33.8153,1.154,0.246,14.831,2,2009,Winter
2009-02-28,1440,1440,0,0,True,27.179166666666667,1.145,5.358,8.006,2,2009,Winter
2009-03-01,1440,1439,1,0,True,41.20923333333334,11.224,2.741,8.852,3,2009,Spring
2009-03-02,1440,1440,0,0,True,24.624033333333333,1.56,0.31,6.684,3,2009,Spring
2009-03-03,1440,1440,0,0,True,30.81586666666667,1.159,0.268,13.024,3,2009,Spring
2009-03-04,1440,1440,0,0,True,30.702166666666667,2.214,2.57,8.393,3,2009,Spring
2009-03-05,1440,1440,0,0,True,24.030199999999997,0.0,0.271,9.094,3,2009,Spring
2009-03-06,1440,1440,0,0,True,29.724566666666664,1.144,0.265,12.056,3,2009,Spring
2009-03-07,1440,1440,0,0,True,28.27443333333333,1.055,0.811,12.113,3,2009,Spring
2009-03-08,1440,1440,0,0,True,39.286100000000005,7.253,5.26,12.691,3,2009,Spring
2009-03-09,1440,1440,0,0,True,28.0926,2.001,0.369,10.336,3,2009,Spring
2009-03-10,1440,1440,0,0,True,30.6035,0.0,0.281,11.61,3,2009,Spring
2009-03-11,1440,1440,0,0,True,40.0984,3.476,7.288,10.737,3,2009,Spring
2009-03-12,1440,1440,0,0,True,31.454333333333334,0.0,0.364,13.655,3,2009,Spring
2009-03-13,1440,1440,0,0,True,24.092,1.082,0.311,10.466,3,2009,Spring
2009-03-14,1440,1440,0,0,True,35.81713333333333,2.196,0.28,18.036,3,2009,Spring
2009-03-15,1440,1440,0,0,True,32.3677,3.478,5.152,8.353,3,2009,Spring
2009-03-16,1440,1439,1,0,True,22.3007,0.0,0.306,9.291,3,2009,Spring
2009-03-17,1440,1440,0,0,True,32.1985,1.11,3.952,12.32,3,2009,Spring
2009-03-18,1440,1440,0,0,True,24.178,1.123,0.375,12.101,3,2009,Spring
2009-03-19,1440,1440,0,0,True,19.858866666666664,0.0,0.314,9.458,3,2009,Spring
2009-03-20,1440,1440,0,0,True,24.398433333333333,1.083,0.308,10.618,3,2009,Spring
2009-03-21,1440,1440,0,0,True,32.16703333333333,5.42,0.682,10.266,3,2009,Spring
2009-03-22,1440,1440,0,0,True,28.152833333333334,2.017,3.778,9.015,3,2009,Spring
2009-03-23,1440,1440,0,0,True,21.6075,1.078,0.31,5.999,3,2009,Spring
2009-03-24,1440,1440,0,0,True,27.6952,1.71,0.352,10.149,3,2009,Spring
2009-03-25,1440,1440,0,0,True,30.646233333333335,2.78,3.315,10.287,3,2009,Spring
2009-03-26,1440,1440,0,0,True,20.1834,0.0,0.312,8.596,3,2009,Spring
2009-03-27,1440,1440,0,0,True,28.56543333333333,1.103,0.526,9.947,3,2009,Spring
2009-03-28,1440,1440,0,0,True,37.68293333333334,4.527,0.327,12.225,3,2009,Spring
2009-03-29,1440,1440,0,0,True,36.94416666666667,1.611,4.024,9.502,3,2009,Spring
2009-03-30,1440,1440,0,0,True,24.6242,1.085,0.295,9.901,3,2009,Spring
2009-03-31,1440,1440,0,0,True,30.391366666666666,2.202,2.711,12.958,3,2009,Spring
2009-04-01,1440,1440,0,0,True,27.352333333333334,2.807,2.364,7.309,4,2009,Spring
2009-04-02,1440,1440,0,0,True,27.40556666666667,1.128,0.324,13.5,4,2009,Spring
2009-04-03,1440,1440,0,0,True,22.721,0.0,0.326,8.556,4,2009,Spring
2009-04-04,1440,1440,0,0,True,36.52053333333333,2.699,4.172,16.251,4,2009,Spring
2009-04-05,1440,1440,0,0,True,22.9286,3.832,0.357,6.503,4,2009,Spring
2009-04-06,1440,1440,0,0,True,24.21056666666667,0.799,0.333,10.141,4,2009,Spring
2009-04-07,1440,1440,0,0,True,24.001533333333334,1.103,0.338,9.121,4,2009,Spring
2009-04-08,1440,1440,0,0,True,25.576666666666664,2.131,2.827,7.968,4,2009,Spring
2009-04-09,1440,1440,0,0,True,31.507866666666665,2.682,0.366,13.482,4,2009,Spring
2009-04-10,1440,1440,0,0,True,30.701900000000002,2.057,2.822,13.828,4,2009,Spring
2009-04-11,1440,1440,0,0,True,41.04076666666666,3.661,4.286,18.233,4,2009,Spring
2009-04-12,1440,1440,0,0,True,35.68353333333334,7.498,1.504,12.47,4,2009,Spring
2009-04-13,1440,1438,2,0,True,26.665399999999998,1.006,5.648,6.209,4,2009,Spring
2009-04-14,1440,1440,0,0,True,25.025633333333335,0.888,2.341,9.478,4,2009,Spring
2009-04-15,1440,1440,0,0,True,20.267699999999998,1.88,0.463,5.278,4,2009,Spring
2009-04-16,1440,1440,0,0,True,26.0754,2.896,0.397,9.809,4,2009,Spring
2009-04-17,1440,1440,0,0,True,34.04683333333333,0.0,5.224,7.655,4,2009,Spring
2009-04-18,1440,1440,0,0,True,25.204433333333334,1.028,2.613,10.699,4,2009,Spring
2009-04-19,1440,1440,0,0,True,21.441133333333333,2.201,0.376,8.088,4,2009,Spring
2009-04-20,1440,1440,0,0,True,24.775166666666667,0.0,2.644,10.476,4,2009,Spring
2009-04-21,1440,1440,0,0,True,31.576633333333334,1.925,0.375,7.38,4,2009,Spring
2009-04-22,1440,1440,0,0,True,24.936633333333337,1.024,1.203,13.265,4,2009,Spring
2009-04-23,1440,1440,0,0,True,19.024333333333335,1.068,0.395,5.511,4,2009,Spring
2009-04-24,1440,1440,0,0,True,19.9008,0.0,0.383,9.677,4,2009,Spring
2009-04-25,1440,1440,0,0,True,33.70473333333334,2.007,3.901,13.225,4,2009,Spring
2009-04-26,1440,1440,0,0,True,29.693766666666665,3.053,3.017,10.561,4,2009,Spring
2009-04-27,1440,1440,0,0,True,22.52713333333333,0.995,0.376,7.021,4,2009,Spring
2009-04-28,1440,1440,0,0,True,28.439766666666667,2.068,0.371,11.469,4,2009,Spring
2009-04-29,1440,1440,0,0,True,27.744666666666667,1.043,2.492,9.372,4,2009,Spring
2009-04-30,1440,1440,0,0,True,30.579366666666665,1.027,0.363,15.305,4,2009,Spring
2009-05-01,1440,1440,0,0,True,25.213366666666666,1.067,1.052,11.709,5,2009,Spring
2009-05-02,1440,1440,0,0,True,23.231833333333334,1.43,0.374,9.76,5,2009,Spring
2009-05-03,1440,1440,0,0,True,26.814633333333333,3.207,2.593,7.226,5,2009,Spring
2009-05-04,1440,1440,0,0,True,27.798033333333333,1.007,0.411,11.374,5,2009,Spring
2009-05-05,1440,1440,0,0,True,28.857899999999997,1.049,5.539,10.166,5,2009,Spring
2009-05-06,1440,1440,0,0,True,22.498366666666666,1.038,1.797,9.058,5,2009,Spring
2009-05-07,1440,1440,0,0,True,16.877466666666667,0.0,0.374,7.992,5,2009,Spring
2009-05-08,1440,1440,0,0,True,30.9526,2.226,0.848,15.426,5,2009,Spring
2009-05-09,1440,1440,0,0,True,21.022533333333335,2.09,0.382,6.605,5,2009,Spring
2009-05-10,1440,1439,1,0,True,32.7939,4.3,6.67,8.693,5,2009,Spring
2009-05-11,1440,1440,0,0,True,25.286266666666666,1.035,0.457,11.009,5,2009,Spring
2009-05-12,1440,1440,0,0,True,27.099266666666665,0.0,2.713,11.335,5,2009,Spring
2009-05-13,1440,1440,0,0,True,20.7733,1.419,0.553,7.127,5,2009,Spring
2009-05-14,1440,1440,0,0,True,26.783066666666667,0.0,4.065,11.499,5,2009,Spring
2009-05-15,1440,1440,0,0,True,23.70376666666667,1.382,0.494,12.195,5,2009,Spring
2009-05-16,1440,1440,0,0,True,33.4563,1.705,4.82,12.265,5,2009,Spring
2009-05-17,1440,1440,0,0,True,25.7294,2.555,1.926,7.168,5,2009,Spring
2009-05-18,1440,1440,0,0,True,20.1651,0.763,0.374,8.971,5,2009,Spring
2009-05-19,1440,1440,0,0,True,26.955733333333335,3.253,0.792,10.981,5,2009,Spring
2009-05-20,1440,1440,0,0,True,21.786033333333332,1.061,1.889,9.47,5,2009,Spring
2009-05-21,1440,1440,0,0,True,26.2525,1.553,1.278,12.563,5,2009,Spring
2009-05-22,1440,1440,0,0,True,17.913433333333334,0.982,1.207,8.078,5,2009,Spring
2009-05-23,1440,1440,0,0,True,25.509966666666667,0.48,1.844,12.579,5,2009,Spring
2009-05-24,1440,1440,0,0,True,21.4631,0.045,0.446,10.256,5,2009,Spring
2009-05-25,1440,1440,0,0,True,22.568266666666666,0.92,0.966,9.93,5,2009,Spring
2009-05-26,1440,1437,3,0,True,22.314966666666667,1.191,0.866,10.1,5,2009,Spring
2009-05-27,1440,1440,0,0,True,25.7382,1.052,2.355,11.076,5,2009,Spring
2009-05-28,1440,1440,0,0,True,19.662266666666667,1.502,0.421,9.049,5,2009,Spring
2009-05-29,1440,1440,0,0,True,20.7141,1.005,0.434,10.112,5,2009,Spring
2009-05-30,1440,1440,0,0,True,27.651766666666667,2.787,1.707,11.557,5,2009,Spring
2009-05-31,1440,1440,0,0,True,15.948166666666667,1.466,0.458,5.72,5,2009,Spring
2009-06-01,1440,1440,0,0,True,24.054333333333332,2.789,0.461,11.361,6,2009,Summer
2009-06-02,1440,1440,0,0,True,18.1773,0.0,0.506,7.892,6,2009,Summer
2009-06-03,1440,1440,0,0,True,22.60963333333333,0.94,1.37,11.577,6,2009,Summer
2009-06-04,1440,1440,0,0,True,17.261000000000003,1.906,0.455,6.905,6,2009,Summer
2009-06-05,1440,1440,0,0,True,20.505999999999997,0.0,0.456,12.515,6,2009,Summer
2009-06-06,1440,1440,0,0,True,24.590833333333332,1.769,2.732,10.611,6,2009,Summer
2009-06-07,1440,1440,0,0,True,20.1232,2.077,1.641,6.034,6,2009,Summer
2009-06-08,1440,1440,0,0,True,19.64626666666667,1.024,0.432,8.551,6,2009,Summer
2009-06-09,1440,1440,0,0,True,22.214166666666664,1.0,0.414,10.695,6,2009,Summer
2009-06-10,1440,1440,0,0,True,26.716600000000003,1.032,4.745,9.889,6,2009,Summer
2009-06-11,1440,1440,0,0,True,21.677500000000002,0.0,0.472,10.61,6,2009,Summer
2009-06-12,1440,1440,0,0,True,18.362199999999998,1.009,0.46,7.137,6,2009,Summer
2009-06-13,1440,30,5,1405,False,,,,,6,2009,Summer
2009-06-14,1440,0,0,1440,False,,,,,6,2009,Summer
2009-06-15,1440,985,0,455,False,,,,,6,2009,Summer
2009-06-16,1440,1440,0,0,True,25.14653333333333,2.983,1.221,13.691,6,2009,Summer
2009-06-17,1440,1440,0,0,True,16.466933333333333,0.975,0.611,7.193,6,2009,Summer
2009-06-18,1440,1440,0,0,True,19.428333333333335,0.0,0.461,11.223,6,2009,Summer
2009-06-19,1440,1440,0,0,True,18.114433333333334,0.969,0.475,7.737,6,2009,Summer
2009-06-20,1440,1440,0,0,True,18.451666666666664,0.0,2.657,9.159,6,2009,Summer
2009-06-21,1440,1440,0,0,True,14.252366666666667,1.039,0.412,6.002,6,2009,Summer
2009-06-22,1440,1440,0,0,True,18.234966666666665,0.0,0.449,11.148,6,2009,Summer
2009-06-23,1440,1440,0,0,True,17.32023333333333,1.01,1.261,8.186,6,2009,Summer
2009-06-24,1440,1440,0,0,True,25.581233333333333,3.059,1.239,14.275,6,2009,Summer
2009-06-25,1440,1440,0,0,True,12.856033333333333,0.0,0.495,6.224,6,2009,Summer
2009-06-26,1440,1440,0,0,True,21.2887,1.826,0.538,9.952,6,2009,Summer
2009-06-27,1440,1440,0,0,True,28.484199999999998,2.663,2.432,13.468,6,2009,Summer
2009-06-28,1440,1440,0,0,True,17.656566666666667,0.0,1.421,6.742,6,2009,Summer
2009-06-29,1440,1440,0,0,True,16.83556666666667,1.794,0.598,6.462,6,2009,Summer
2009-06-30,1440,1440,0,0,True,19.8741,0.582,1.034,8.989,6,2009,Summer
2009-07-01,1440,1440,0,0,True,20.3057,0.989,0.59,9.747,7,2009,Summer
2009-07-02,1440,1440,0,0,True,20.709633333333333,0.637,0.603,8.032,7,2009,Summer
2009-07-03,1440,1440,0,0,True,14.402466666666667,0.856,0.642,7.371,7,2009,Summer
2009-07-04,1440,1440,0,0,True,20.6428,2.084,2.329,6.791,7,2009,Summer
2009-07-05,1440,1440,0,0,True,23.51226666666667,3.215,1.438,8.014,7,2009,Summer
2009-07-06,1440,1440,0,0,True,15.904333333333334,0.429,0.755,7.142,7,2009,Summer
2009-07-07,1440,1440,0,0,True,18.502266666666667,1.292,3.619,5.704,7,2009,Summer
2009-07-08,1440,1440,0,0,True,20.573333333333334,0.0,3.514,9.308,7,2009,Summer
2009-07-09,1440,1440,0,0,True,14.104199999999999,0.0,0.656,4.783,7,2009,Summer
2009-07-10,1440,1436,4,0,True,19.877433333333332,0.988,2.624,7.492,7,2009,Summer
2009-07-11,1440,1440,0,0,True,16.566133333333333,0.981,0.683,7.756,7,2009,Summer
2009-07-12,1440,1440,0,0,True,8.557966666666665,0.0,0.589,4.06,7,2009,Summer
2009-07-13,1440,1440,0,0,True,8.2791,0.0,0.594,3.881,7,2009,Summer
2009-07-14,1440,1440,0,0,True,15.190499999999998,2.303,0.618,6.155,7,2009,Summer
2009-07-15,1440,1440,0,0,True,11.967899999999998,0.878,0.932,5.82,7,2009,Summer
2009-07-16,1440,1440,0,0,True,9.992566666666667,0.0,1.724,3.902,7,2009,Summer
2009-07-17,1440,1440,0,0,True,12.1968,0.0,0.626,6.67,7,2009,Summer
2009-07-18,1440,1440,0,0,True,16.106833333333334,0.0,0.663,5.389,7,2009,Summer
2009-07-19,1440,1440,0,0,True,20.060733333333335,0.0,0.598,5.058,7,2009,Summer
2009-07-20,1440,1440,0,0,True,11.041433333333334,0.914,0.784,4.948,7,2009,Summer
2009-07-21,1440,1440,0,0,True,13.562700000000001,0.0,0.981,7.795,7,2009,Summer
2009-07-22,1440,1440,0,0,True,12.325533333333334,0.0,0.681,3.965,7,2009,Summer
2009-07-23,1440,1440,0,0,True,17.166666666666668,0.926,0.622,9.064,7,2009,Summer
2009-07-24,1440,1440,0,0,True,9.362300000000001,0.0,0.63,4.128,7,2009,Summer
2009-07-25,1440,1440,0,0,True,8.944799999999999,0.0,0.577,3.716,7,2009,Summer
2009-07-26,1440,1440,0,0,True,9.050266666666666,0.0,1.019,3.799,7,2009,Summer
2009-07-27,1440,1440,0,0,True,11.4761,0.0,2.062,5.202,7,2009,Summer
2009-07-28,1440,1440,0,0,True,15.047500000000001,0.0,4.899,4.353,7,2009,Summer
2009-07-29,1440,1440,0,0,True,15.033333333333333,0.869,0.749,7.549,7,2009,Summer
2009-07-30,1440,1440,0,0,True,13.205433333333334,0.0,2.304,4.04,7,2009,Summer
2009-07-31,1440,1440,0,0,True,16.263833333333334,0.865,3.423,6.302,7,2009,Summer
2009-08-01,1440,1440,0,0,True,11.782766666666667,0.0,0.844,6.248,8,2009,Summer
2009-08-02,1440,1440,0,0,True,8.162066666666666,0.0,0.637,3.539,8,2009,Summer
2009-08-03,1440,1440,0,0,True,8.3383,0.0,0.605,3.811,8,2009,Summer
2009-08-04,1440,1440,0,0,True,8.481533333333333,0.0,0.607,3.871,8,2009,Summer
2009-08-05,1440,1440,0,0,True,8.644200000000001,0.0,0.62,4.042,8,2009,Summer
2009-08-06,1440,1440,0,0,True,8.877866666666668,0.0,0.659,4.193,8,2009,Summer
2009-08-07,1440,1440,0,0,True,8.988266666666668,0.0,0.668,4.232,8,2009,Summer
2009-08-08,1440,1440,0,0,True,8.774533333333332,0.0,0.646,4.093,8,2009,Summer
2009-08-09,1440,1440,0,0,True,16.637233333333334,1.984,2.38,5.154,8,2009,Summer
2009-08-10,1440,1440,0,0,True,17.822633333333332,0.0,3.719,6.012,8,2009,Summer
2009-08-11,1440,1440,0,0,True,15.849233333333332,0.857,1.467,6.577,8,2009,Summer
2009-08-12,1440,1440,0,0,True,13.7406,0.912,0.689,4.991,8,2009,Summer
2009-08-13,1440,549,5,886,False,,,,,8,2009,Summer
2009-08-14,1440,1440,0,0,True,12.477933333333334,0.429,0.85,4.647,8,2009,Summer
2009-08-15,1440,1440,0,0,True,25.234366666666666,3.437,1.852,8.922,8,2009,Summer
2009-08-16,1440,1440,0,0,True,20.2952,1.604,1.094,5.691,8,2009,Summer
2009-08-17,1440,1440,0,0,True,13.098466666666667,0.001,0.813,6.261,8,2009,Summer
2009-08-18,1440,1440,0,0,True,18.009966666666667,2.306,1.44,6.324,8,2009,Summer
2009-08-19,1440,1440,0,0,True,14.679033333333333,0.896,0.812,6.044,8,2009,Summer
2009-08-20,1440,1440,0,0,True,12.9287,0.0,0.883,6.138,8,2009,Summer
2009-08-21,1440,1440,0,0,True,19.362433333333335,3.043,0.887,7.527,8,2009,Summer
2009-08-22,1440,1440,0,0,True,25.8123,4.544,3.203,8.549,8,2009,Summer
2009-08-23,1440,1440,0,0,True,17.778466666666667,0.949,0.819,6.994,8,2009,Summer
2009-08-24,1440,1440,0,0,True,20.8709,2.279,0.737,8.247,8,2009,Summer
2009-08-25,1440,1440,0,0,True,15.726833333333333,1.14,0.755,6.291,8,2009,Summer
2009-08-26,1440,1440,0,0,True,18.942433333333334,2.131,1.516,7.86,8,2009,Summer
2009-08-27,1440,1440,0,0,True,12.4911,0.0,0.664,4.283,8,2009,Summer
2009-08-28,1440,1440,0,0,True,18.647366666666667,1.778,1.125,7.485,8,2009,Summer
2009-08-29,1440,1440,0,0,True,23.140233333333335,0.905,1.483,11.707,8,2009,Summer
2009-08-30,1440,1440,0,0,True,27.8057,2.653,1.363,10.648,8,2009,Summer
2009-08-31,1440,1440,0,0,True,21.092033333333333,0.96,0.678,9.974,8,2009,Summer
2009-09-01,1440,1440,0,0,True,16.342266666666667,0.0,0.697,6.073,9,2009,Autumn
2009-09-02,1440,1440,0,0,True,20.380233333333333,0.947,0.659,9.921,9,2009,Autumn
2009-09-03,1440,1440,0,0,True,20.853133333333336,3.319,3.099,5.011,9,2009,Autumn
2009-09-04,1440,1440,0,0,True,17.07313333333333,0.0,0.636,8.095,9,2009,Autumn
2009-09-05,1440,1440,0,0,True,25.2311,2.988,2.248,10.433,9,2009,Autumn
2009-09-06,1440,1440,0,0,True,20.47716666666667,0.995,0.588,9.031,9,2009,Autumn
2009-09-07,1440,1440,0,0,True,20.357633333333336,2.196,0.577,8.299,9,2009,Autumn
2009-09-08,1440,1440,0,0,True,18.104233333333333,1.002,0.577,8.533,9,2009,Autumn
2009-09-09,1440,1440,0,0,True,25.355733333333333,0.964,3.832,10.671,9,2009,Autumn
2009-09-10,1440,1440,0,0,True,18.539233333333335,0.928,0.6,6.508,9,2009,Autumn
2009-09-11,1440,1440,0,0,True,20.235766666666667,0.0,0.631,11.693,9,2009,Autumn
2009-09-12,1440,1440,0,0,True,34.40596666666667,9.583,1.202,12.601,9,2009,Autumn
2009-09-13,1440,1439,1,0,True,26.1936,4.146,0.612,10.188,9,2009,Autumn
2009-09-14,1440,1440,0,0,True,26.247633333333333,2.843,0.603,9.091,9,2009,Autumn
2009-09-15,1440,1440,0,0,True,24.2801,1.769,0.56,8.644,9,2009,Autumn
2009-09-16,1440,1440,0,0,True,29.0527,1.035,3.47,13.384,9,2009,Autumn
2009-09-17,1440,1440,0,0,True,20.39043333333333,0.0,0.563,9.71,9,2009,Autumn
2009-09-18,1440,1440,0,0,True,22.900533333333332,1.993,0.652,9.151,9,2009,Autumn
2009-09-19,1440,1440,0,0,True,35.595166666666664,1.607,4.05,14.845,9,2009,Autumn
2009-09-20,1440,1440,0,0,True,33.922133333333335,4.532,2.466,11.935,9,2009,Autumn
2009-09-21,1440,1440,0,0,True,23.63113333333333,0.921,0.604,10.844,9,2009,Autumn
2009-09-22,1440,1440,0,0,True,20.7756,0.937,0.597,8.502,9,2009,Autumn
2009-09-23,1440,1440,0,0,True,27.276833333333332,2.085,0.978,12.884,9,2009,Autumn
2009-09-24,1440,1440,0,0,True,23.770966666666666,1.051,0.621,10.374,9,2009,Autumn
2009-09-25,1440,1440,0,0,True,19.350266666666666,0.0,0.594,9.694,9,2009,Autumn
2009-09-26,1440,1440,0,0,True,25.937566666666665,1.943,0.571,14.581,9,2009,Autumn
2009-09-27,1440,1440,0,0,True,23.507866666666665,1.817,4.571,8.554,9,2009,Autumn
2009-09-28,1440,1440,0,0,True,21.6576,0.0,0.603,10.797,9,2009,Autumn
2009-09-29,1440,1440,0,0,True,19.10663333333333,1.031,0.603,7.322,9,2009,Autumn
2009-09-30,1440,1438,2,0,True,29.601533333333336,0.97,8.08,9.246,9,2009,Autumn
2009-10-01,1440,1440,0,0,True,21.4542,0.95,0.602,9.433,10,2009,Autumn
2009-10-02,1440,1440,0,0,True,19.211133333333333,0.0,0.57,10.142,10,2009,Autumn
2009-10-03,1440,1440,0,0,True,28.612333333333332,3.644,0.92,14.48,10,2009,Autumn
2009-10-04,1440,1440,0,0,True,27.018433333333334,3.189,3.499,8.98,10,2009,Autumn
2009-10-05,1440,1440,0,0,True,21.258699999999997,0.984,0.542,7.983,10,2009,Autumn
2009-10-06,1440,1440,0,0,True,23.807466666666667,0.001,0.543,8.806,10,2009,Autumn
2009-10-07,1440,1440,0,0,True,30.3639,0.734,4.334,9.908,10,2009,Autumn
2009-10-08,1440,1440,0,0,True,26.286099999999998,2.091,0.619,11.568,10,2009,Autumn
2009-10-09,1440,1440,0,0,True,22.531033333333333,0.0,0.559,10.718,10,2009,Autumn
2009-10-10,1440,1440,0,0,True,33.54593333333334,4.51,0.57,14.811,10,2009,Autumn
2009-10-11,1440,1439,1,0,True,32.315599999999996,4.111,6.454,8.648,10,2009,Autumn
2009-10-12,1440,1440,0,0,True,22.526733333333333,0.997,0.515,9.42,10,2009,Autumn
2009-10-13,1440,1440,0,0,True,24.151666666666664,0.983,0.53,9.53,10,2009,Autumn
2009-10-14,1440,1440,0,0,True,28.5204,2.001,3.131,10.013,10,2009,Autumn
2009-10-15,1440,1440,0,0,True,24.832933333333333,1.629,0.463,9.641,10,2009,Autumn
2009-10-16,1440,1440,0,0,True,25.281,0.0,0.482,11.136,10,2009,Autumn
2009-10-17,1440,1440,0,0,True,45.70133333333333,5.49,4.364,18.326,10,2009,Autumn
2009-10-18,1440,1440,0,0,True,25.936066666666665,0.712,0.499,11.144,10,2009,Autumn
2009-10-19,1440,1440,0,0,True,22.818466666666666,1.104,0.457,8.227,10,2009,Autumn
2009-10-20,1440,1440,0,0,True,28.713466666666665,0.76,0.45,11.005,10,2009,Autumn
2009-10-21,1440,1440,0,0,True,32.8251,2.031,5.916,8.569,10,2009,Autumn
2009-10-22,1440,1440,0,0,True,23.328500000000002,0.0,0.492,11.074,10,2009,Autumn
2009-10-23,1440,1440,0,0,True,29.290833333333335,3.18,0.495,11.696,10,2009,Autumn
2009-10-24,1440,1440,0,0,True,43.57346666666667,6.202,0.518,15.941,10,2009,Autumn
2009-10-25,1440,1440,0,0,True,40.10893333333333,3.01,6.181,13.691,10,2009,Autumn
2009-10-26,1440,1440,0,0,True,18.539066666666667,0.475,0.468,5.788,10,2009,Autumn
2009-10-27,1440,1440,0,0,True,18.6126,0.579,0.449,8.367,10,2009,Autumn
2009-10-28,1440,1440,0,0,True,21.145133333333334,1.044,0.463,9.318,10,2009,Autumn
2009-10-29,1440,1440,0,0,True,33.024,0.765,4.125,5.677,10,2009,Autumn
2009-10-30,1440,1440,0,0,True,24.8893,1.779,2.005,8.828,10,2009,Autumn
2009-10-31,1440,1440,0,0,True,31.2657,1.773,2.514,14.637,10,2009,Autumn
2009-11-01,1440,1440,0,0,True,30.719466666666666,1.97,0.47,12.215,11,2009,Autumn
2009-11-02,1440,1440,0,0,True,25.07043333333333,1.881,0.471,7.49,11,2009,Autumn
2009-11-03,1440,1440,0,0,True,37.77813333333334,2.009,3.951,9.025,11,2009,Autumn
2009-11-04,1440,1440,0,0,True,30.029999999999998,1.075,4.008,12.246,11,2009,Autumn
2009-11-05,1440,1440,0,0,True,26.007766666666665,1.105,0.532,9.868,11,2009,Autumn
2009-11-06,1440,1440,0,0,True,23.174166666666668,0.0,0.442,11.326,11,2009,Autumn
2009-11-07,1440,1440,0,0,True,25.95293333333333,2.187,0.408,10.014,11,2009,Autumn
2009-11-08,1440,1440,0,0,True,41.80003333333333,4.941,2.075,14.871,11,2009,Autumn
2009-11-09,1440,1439,1,0,True,23.461666666666666,1.126,0.43,7.64,11,2009,Autumn
2009-11-10,1440,1440,0,0,True,26.76973333333333,1.118,0.432,11.788,11,2009,Autumn
2009-11-11,1440,1440,0,0,True,34.008,2.338,5.105,11.214,11,2009,Autumn
2009-11-12,1440,1440,0,0,True,24.384433333333334,1.486,0.429,9.403,11,2009,Autumn
2009-11-13,1440,1440,0,0,True,25.548766666666666,1.856,0.407,9.178,11,2009,Autumn
2009-11-14,1440,1440,0,0,True,42.67426666666667,4.169,2.411,18.868,11,2009,Autumn
2009-11-15,1440,1440,0,0,True,32.788466666666665,0.991,5.278,9.446,11,2009,Autumn
2009-11-16,1440,1440,0,0,True,25.241133333333334,2.021,0.545,9.354,11,2009,Autumn
2009-11-17,1440,1440,0,0,True,28.471566666666668,0.0,0.453,11.616,11,2009,Autumn
2009-11-18,1440,1440,0,0,True,43.98623333333333,6.012,7.655,13.787,11,2009,Autumn
2009-11-19,1440,1440,0,0,True,24.5808,0.0,0.481,10.936,11,2009,Autumn
2009-11-20,1440,1440,0,0,True,32.6836,0.843,0.407,12.816,11,2009,Autumn
2009-11-21,1440,1440,0,0,True,41.61426666666667,5.694,1.997,12.553,11,2009,Autumn
2009-11-22,1440,1440,0,0,True,40.8496,6.774,0.411,16.097,11,2009,Autumn
2009-11-23,1440,1440,0,0,True,24.518700000000003,0.0,0.402,8.23,11,2009,Autumn
2009-11-24,1440,1440,0,0,True,35.48093333333334,2.491,4.579,9.086,11,2009,Autumn
2009-11-25,1440,1440,0,0,True,33.00216666666667,0.745,5.083,10.596,11,2009,Autumn
2009-11-26,1440,1440,0,0,True,26.660433333333334,2.262,0.407,10.069,11,2009,Autumn
2009-11-27,1440,1440,0,0,True,23.000433333333334,0.0,0.396,11.599,11,2009,Autumn
2009-11-28,1440,1440,0,0,True,30.9825,3.199,0.386,14.35,11,2009,Autumn
2009-11-29,1440,1440,0,0,True,27.516033333333333,1.073,3.061,7.828,11,2009,Autumn
2009-11-30,1440,1440,0,0,True,29.0865,1.08,0.361,12.039,11,2009,Autumn
2009-12-01,1440,1440,0,0,True,29.272966666666665,0.0,0.354,10.821,12,2009,Winter
2009-12-02,1440,1440,0,0,True,39.09446666666667,1.143,7.052,12.851,12,2009,Winter
2009-12-03,1440,1440,0,0,True,24.66146666666667,1.039,0.402,9.906,12,2009,Winter
2009-12-04,1440,1440,0,0,True,28.52156666666667,1.158,0.352,9.134,12,2009,Winter
2009-12-05,1440,1440,0,0,True,39.19603333333334,3.822,0.351,13.324,12,2009,Winter
2009-12-06,1440,1440,0,0,True,39.638133333333336,2.85,4.175,12.42,12,2009,Winter
2009-12-07,1440,1440,0,0,True,29.043966666666666,1.132,0.358,10.291,12,2009,Winter
2009-12-08,1440,1440,0,0,True,33.44806666666667,1.108,0.35,15.376,12,2009,Winter
2009-12-09,1440,1440,0,0,True,30.039266666666666,2.054,3.355,7.971,12,2009,Winter
2009-12-10,1440,1438,2,0,True,34.3007,2.823,0.351,15.435,12,2009,Winter
2009-12-11,1440,1440,0,0,True,29.741033333333334,1.546,0.385,11.251,12,2009,Winter
2009-12-12,1440,1440,0,0,True,30.273000000000003,1.087,4.12,8.198,12,2009,Winter
2009-12-13,1440,1440,0,0,True,35.646899999999995,3.984,0.417,13.178,12,2009,Winter
2009-12-14,1440,1440,0,0,True,29.91436666666667,1.09,2.28,10.742,12,2009,Winter
2009-12-15,1440,1440,0,0,True,32.33526666666667,1.111,0.392,14.084,12,2009,Winter
2009-12-16,1440,1440,0,0,True,23.2479,1.143,2.943,8.104,12,2009,Winter
2009-12-17,1440,1440,0,0,True,28.6197,0.0,0.308,14.395,12,2009,Winter
2009-12-18,1440,1440,0,0,True,29.078433333333333,1.195,0.304,11.466,12,2009,Winter
2009-12-19,1440,1440,0,0,True,36.738899999999994,1.165,2.662,13.681,12,2009,Winter
2009-12-20,1440,1440,0,0,True,19.069433333333333,1.237,0.313,7.795,12,2009,Winter
2009-12-21,1440,1440,0,0,True,33.9161,3.293,0.282,11.473,12,2009,Winter
2009-12-22,1440,1440,0,0,True,31.467033333333333,0.0,0.285,15.829,12,2009,Winter
2009-12-23,1440,1440,0,0,True,24.253333333333334,1.143,0.284,11.205,12,2009,Winter
2009-12-24,1440,1440,0,0,True,48.43156666666666,5.184,5.575,15.198,12,2009,Winter
2009-12-25,1440,1440,0,0,True,35.4608,3.371,3.895,14.288,12,2009,Winter
2009-12-26,1440,1440,0,0,True,36.393633333333334,1.186,4.294,16.047,12,2009,Winter
2009-12-27,1440,1440,0,0,True,36.59086666666666,4.218,0.318,12.45,12,2009,Winter
2009-12-28,1440,1440,0,0,True,34.90163333333333,2.175,2.063,14.934,12,2009,Winter
2009-12-29,1440,1440,0,0,True,34.1328,1.26,0.346,10.205,12,2009,Winter
2009-12-30,1440,1440,0,0,True,40.85183333333334,5.284,4.539,12.484,12,2009,Winter
2009-12-31,1440,1440,0,0,True,36.864866666666664,0.0,0.387,19.409,12,2009,Winter
2010-01-01,1440,1440,0,0,True,20.4042,2.304,0.327,3.558,1,2010,Winter
2010-01-02,1440,1439,1,0,True,21.863433333333333,0.801,0.298,6.442,1,2010,Winter
2010-01-03,1440,1440,0,0,True,34.72423333333334,3.842,4.92,10.074,1,2010,Winter
2010-01-04,1440,1440,0,0,True,26.735533333333333,0.0,0.292,10.812,1,2010,Winter
2010-01-05,1440,1440,0,0,True,36.99633333333334,1.785,0.293,16.468,1,2010,Winter
2010-01-06,1440,1440,0,0,True,29.619666666666667,1.731,3.256,11.359,1,2010,Winter
2010-01-07,1440,1440,0,0,True,29.4907,1.198,0.255,12.936,1,2010,Winter
2010-01-08,1440,1440,0,0,True,29.953466666666667,0.0,0.994,12.531,1,2010,Winter
2010-01-09,1440,1440,0,0,True,38.94833333333334,2.781,4.855,14.734,1,2010,Winter
2010-01-10,1440,1440,0,0,True,41.807766666666666,3.564,2.032,14.108,1,2010,Winter
2010-01-11,1440,1440,0,0,True,25.3114,1.251,0.34,10.279,1,2010,Winter
2010-01-12,1440,893,5,542,False,,,,,1,2010,Winter
2010-01-13,1440,0,0,1440,False,,,,,1,2010,Winter
2010-01-14,1440,298,0,1142,False,,,,,1,2010,Winter
2010-01-15,1440,1440,0,0,True,36.61266666666667,1.957,2.952,13.546,1,2010,Winter
2010-01-16,1440,1440,0,0,True,35.8352,2.605,2.415,13.652,1,2010,Winter
2010-01-17,1440,1440,0,0,True,31.775933333333334,1.992,0.298,15.044,1,2010,Winter
2010-01-18,1440,1440,0,0,True,31.351633333333332,0.617,0.295,12.981,1,2010,Winter
2010-01-19,1440,1440,0,0,True,40.55846666666666,2.044,0.653,19.311,1,2010,Winter
2010-01-20,1440,1440,0,0,True,39.19546666666667,2.317,3.341,14.563,1,2010,Winter
2010-01-21,1440,1440,0,0,True,35.63093333333333,0.894,0.449,16.451,1,2010,Winter
2010-01-22,1440,1440,0,0,True,29.843766666666667,0.699,0.352,14.512,1,2010,Winter
2010-01-23,1440,1439,1,0,True,43.52503333333333,3.154,4.086,16.039,1,2010,Winter
2010-01-24,1440,1440,0,0,True,37.82366666666667,3.496,2.76,11.046,1,2010,Winter
2010-01-25,1440,1440,0,0,True,32.17516666666667,1.368,0.455,16.136,1,2010,Winter
2010-01-26,1440,1440,0,0,True,34.459399999999995,0.526,0.395,16.243,1,2010,Winter
2010-01-27,1440,1440,0,0,True,46.015033333333335,2.044,6.403,18.154,1,2010,Winter
2010-01-28,1440,1440,0,0,True,35.170566666666666,2.032,0.504,14.987,1,2010,Winter
2010-01-29,1440,1440,0,0,True,34.88316666666666,1.488,0.851,18.061,1,2010,Winter
2010-01-30,1440,1440,0,0,True,47.3788,3.24,7.544,17.891,1,2010,Winter
2010-01-31,1440,1440,0,0,True,29.9866,1.715,1.38,12.569,1,2010,Winter
2010-02-01,1440,1440,0,0,True,28.229633333333332,1.111,0.367,14.623,2,2010,Winter
2010-02-02,1440,1440,0,0,True,35.95719999999999,0.0,0.382,21.536,2,2010,Winter
2010-02-03,1440,1440,0,0,True,48.38356666666667,2.234,8.423,21.13,2,2010,Winter
2010-02-04,1440,1440,0,0,True,38.6045,1.074,0.532,23.743,2,2010,Winter
2010-02-05,1440,1440,0,0,True,34.98153333333333,0.902,0.474,18.008,2,2010,Winter
2010-02-06,1440,1440,0,0,True,45.216433333333335,4.324,2.209,17.857,2,2010,Winter
2010-02-07,1440,1440,0,0,True,27.095133333333333,2.736,3.837,5.546,2,2010,Winter
2010-02-08,1440,1440,0,0,True,43.037299999999995,1.161,0.431,19.764,2,2010,Winter
2010-02-09,1440,1440,0,0,True,40.348866666666666,1.214,0.41,19.769,2,2010,Winter
2010-02-10,1440,1439,1,0,True,32.46993333333333,1.219,2.976,12.232,2,2010,Winter
2010-02-11,1440,1440,0,0,True,22.82946666666667,0.0,0.33,9.916,2,2010,Winter
2010-02-12,1440,1440,0,0,True,31.549966666666666,1.241,0.312,15.211,2,2010,Winter
2010-02-13,1440,1440,0,0,True,39.1926,1.838,5.292,18.71,2,2010,Winter
2010-02-14,1440,1439,1,0,True,28.139166666666664,1.225,0.32,13.191,2,2010,Winter
2010-02-15,1440,1440,0,0,True,34.9522,3.468,0.332,16.065,2,2010,Winter
2010-02-16,1440,1440,0,0,True,29.962600000000002,1.945,0.317,12.82,2,2010,Winter
2010-02-17,1440,1440,0,0,True,34.242666666666665,2.294,6.636,10.101,2,2010,Winter
2010-02-18,1440,1440,0,0,True,29.3526,0.965,0.385,14.884,2,2010,Winter
2010-02-19,1440,1440,0,0,True,32.559533333333334,2.124,0.397,14.543,2,2010,Winter
2010-02-20,1440,1440,0,0,True,33.062133333333335,3.748,0.382,14.47,2,2010,Winter
2010-02-21,1440,1440,0,0,True,45.6719,5.905,8.142,17.083,2,2010,Winter
2010-02-22,1440,1440,0,0,True,24.56726666666667,1.393,2.167,10.159,2,2010,Winter
2010-02-23,1440,1440,0,0,True,24.354666666666667,0.0,3.001,8.806,2,2010,Winter
2010-02-24,1440,1440,0,0,True,31.904633333333333,2.26,1.682,14.315,2,2010,Winter
2010-02-25,1440,1440,0,0,True,31.33673333333333,0.0,0.474,15.12,2,2010,Winter
2010-02-26,1440,1440,0,0,True,35.33593333333333,1.146,2.454,14.821,2,2010,Winter
2010-02-27,1440,1440,0,0,True,29.4176,3.743,0.441,14.358,2,2010,Winter
2010-02-28,1440,1440,0,0,True,11.8611,0.0,0.487,2.952,2,2010,Winter
2010-03-01,1440,1440,0,0,True,21.645466666666668,1.785,0.471,7.115,3,2010,Spring
2010-03-02,1440,1440,0,0,True,12.781766666666668,0.0,0.424,3.605,3,2010,Spring
2010-03-03,1440,1440,0,0,True,15.597233333333332,0.0,0.425,7.221,3,2010,Spring
2010-03-04,1440,1440,0,0,True,11.381333333333334,0.0,0.436,2.928,3,2010,Spring
2010-03-05,1440,1440,0,0,True,18.895433333333337,1.108,0.351,5.918,3,2010,Spring
2010-03-06,1440,1440,0,0,True,13.2452,0.0,0.419,3.97,3,2010,Spring
2010-03-07,1440,1440,0,0,True,22.874533333333332,0.0,4.674,3.679,3,2010,Spring
2010-03-08,1440,1440,0,0,True,42.6183,4.214,7.645,15.971,3,2010,Spring
2010-03-09,1440,1440,0,0,True,29.3352,0.846,0.397,10.893,3,2010,Spring
2010-03-10,1440,1440,0,0,True,30.377200000000002,1.167,0.375,14.916,3,2010,Spring
2010-03-11,1440,1440,0,0,True,32.518166666666666,2.071,0.32,15.706,3,2010,Spring
2010-03-12,1440,1440,0,0,True,27.423733333333335,1.691,0.411,14.076,3,2010,Spring
2010-03-13,1440,1440,0,0,True,39.71683333333333,2.848,5.534,17.973,3,2010,Spring
2010-03-14,1440,1440,0,0,True,26.1119,3.464,0.918,7.101,3,2010,Spring
2010-03-15,1440,1440,0,0,True,29.864166666666666,0.778,0.436,15.053,3,2010,Spring
2010-03-16,1440,1440,0,0,True,25.710833333333333,0.0,0.457,10.083,3,2010,Spring
2010-03-17,1440,1440,0,0,True,33.485499999999995,1.136,5.851,13.105,3,2010,Spring
2010-03-18,1440,1440,0,0,True,26.0447,1.147,0.57,10.845,3,2010,Spring
2010-03-19,1440,1440,0,0,True,27.723066666666668,0.0,0.596,12.591,3,2010,Spring
2010-03-20,1440,232,5,1203,False,,,,,3,2010,Spring
2010-03-21,1440,621,0,819,False,,,,,3,2010,Spring
2010-03-22,1440,1440,0,0,True,26.976499999999998,1.142,0.557,13.859,3,2010,Spring
2010-03-23,1440,1440,0,0,True,30.369366666666668,2.892,1.153,13.107,3,2010,Spring
2010-03-24,1440,1440,0,0,True,33.245866666666664,1.075,5.832,12.817,3,2010,Spring
2010-03-25,1440,1440,0,0,True,27.998066666666666,0.0,0.611,13.797,3,2010,Spring
2010-03-26,1440,1440,0,0,True,27.521400000000003,1.078,0.682,12.547,3,2010,Spring
2010-03-27,1440,1440,0,0,True,30.799500000000002,1.067,3.08,12.483,3,2010,Spring
2010-03-28,1440,1440,0,0,True,29.970233333333333,1.083,7.895,7.118,3,2010,Spring
2010-03-29,1440,1440,0,0,True,27.045633333333335,0.0,0.636,15.42,3,2010,Spring
2010-03-30,1440,1440,0,0,True,31.77423333333333,1.76,0.571,13.765,3,2010,Spring
2010-03-31,1440,1440,0,0,True,32.06336666666667,1.067,6.313,12.041,3,2010,Spring
2010-04-01,1440,1440,0,0,True,28.124000000000002,1.78,0.517,14.393,4,2010,Spring
2010-04-02,1440,1440,0,0,True,27.477033333333335,0.0,0.483,13.074,4,2010,Spring
2010-04-03,1440,1440,0,0,True,30.087966666666667,1.778,0.648,17.694,4,2010,Spring
2010-04-04,1440,1440,0,0,True,28.173133333333332,1.097,0.831,12.687,4,2010,Spring
2010-04-05,1440,1440,0,0,True,18.647,1.755,1.436,5.503,4,2010,Spring
2010-04-06,1440,1440,0,0,True,30.430866666666667,1.154,0.613,12.476,4,2010,Spring
2010-04-07,1440,1440,0,0,True,26.616366666666668,1.077,3.44,11.362,4,2010,Spring
2010-04-08,1440,1440,0,0,True,27.487000000000002,0.145,0.669,13.322,4,2010,Spring
2010-04-09,1440,1440,0,0,True,20.555833333333332,1.088,0.566,10.595,4,2010,Spring
2010-04-10,1440,1440,0,0,True,19.8368,1.044,0.96,8.933,4,2010,Spring
2010-04-11,1440,1439,1,0,True,26.7192,5.499,0.554,8.851,4,2010,Spring
2010-04-12,1440,1440,0,0,True,23.990433333333332,0.66,0.611,11.949,4,2010,Spring
2010-04-13,1440,1440,0,0,True,25.21173333333333,1.097,0.646,13.033,4,2010,Spring
2010-04-14,1440,1440,0,0,True,27.672733333333333,1.132,5.871,9.194,4,2010,Spring
2010-04-15,1440,1440,0,0,True,31.20296666666667,2.526,0.658,15.667,4,2010,Spring
2010-04-16,1440,1440,0,0,True,26.034366666666664,2.837,0.592,12.623,4,2010,Spring
2010-04-17,1440,1440,0,0,True,25.961866666666666,0.553,3.124,12.571,4,2010,Spring
2010-04-18,1440,1440,0,0,True,24.601766666666666,1.104,0.618,12.55,4,2010,Spring
2010-04-19,1440,1440,0,0,True,28.476566666666667,1.23,4.255,13.474,4,2010,Spring
2010-04-20,1440,1440,0,0,True,30.560466666666667,1.388,0.719,16.668,4,2010,Spring
2010-04-21,1440,1440,0,0,True,26.3319,0.0,0.635,12.902,4,2010,Spring
2010-04-22,1440,1440,0,0,True,24.3484,1.062,0.653,12.492,4,2010,Spring
2010-04-23,1440,1440,0,0,True,19.6756,0.0,0.623,10.981,4,2010,Spring
2010-04-24,1440,1440,0,0,True,25.306966666666664,4.445,1.483,8.223,4,2010,Spring
2010-04-25,1440,1440,0,0,True,25.712366666666664,0.0,2.35,7.595,4,2010,Spring
2010-04-26,1440,1440,0,0,True,18.045266666666667,1.038,0.46,7.635,4,2010,Spring
2010-04-27,1440,1440,0,0,True,20.849,0.0,0.545,8.539,4,2010,Spring
2010-04-28,1440,1440,0,0,True,14.4643,0.0,0.578,6.035,4,2010,Spring
2010-04-29,1440,1440,0,0,True,18.3954,0.012,0.679,8.102,4,2010,Spring
2010-04-30,1440,1440,0,0,True,18.6438,2.695,0.659,6.969,4,2010,Spring
2010-05-01,1440,1440,0,0,True,22.002633333333332,1.984,4.885,6.751,5,2010,Spring
2010-05-02,1440,1440,0,0,True,36.46516666666666,1.858,7.966,14.454,5,2010,Spring
2010-05-03,1440,1440,0,0,True,23.5217,0.98,0.534,11.825,5,2010,Spring
2010-05-04,1440,1440,0,0,True,25.282666666666668,0.0,1.018,12.007,5,2010,Spring
2010-05-05,1440,1440,0,0,True,30.088466666666665,2.969,2.194,12.183,5,2010,Spring
2010-05-06,1440,1440,0,0,True,21.654166666666665,0.0,0.301,10.28,5,2010,Spring
2010-05-07,1440,1440,0,0,True,27.400066666666664,1.053,0.332,13.602,5,2010,Spring
2010-05-08,1440,1440,0,0,True,25.557033333333333,3.569,2.435,10.158,5,2010,Spring
2010-05-09,1440,1440,0,0,True,26.1085,2.888,2.636,9.945,5,2010,Spring
2010-05-10,1440,1440,0,0,True,24.46486666666667,0.0,0.403,12.893,5,2010,Spring
2010-05-11,1440,1440,0,0,True,26.189466666666664,1.156,0.345,11.418,5,2010,Spring
2010-05-12,1440,1440,0,0,True,33.923633333333335,1.036,4.434,16.362,5,2010,Spring
2010-05-13,1440,1439,1,0,True,25.904433333333333,2.124,1.477,10.528,5,2010,Spring
2010-05-14,1440,1440,0,0,True,28.70243333333333,1.045,0.334,16.764,5,2010,Spring
2010-05-15,1440,1440,0,0,True,32.412866666666666,3.347,0.336,13.67,5,2010,Spring
2010-05-16,1440,1440,0,0,True,35.0071,3.361,3.922,11.888,5,2010,Spring
2010-05-17,1440,1440,0,0,True,27.136366666666667,1.014,0.367,15.344,5,2010,Spring
2010-05-18,1440,1440,0,0,True,23.6864,0.0,0.37,11.677,5,2010,Spring
2010-05-19,1440,1440,0,0,True,23.7792,2.122,0.659,9.864,5,2010,Spring
2010-05-20,1440,1440,0,0,True,19.23163333333333,0.0,0.369,10.101,5,2010,Spring
2010-05-21,1440,1440,0,0,True,21.573266666666665,1.073,0.381,10.113,5,2010,Spring
2010-05-22,1440,1440,0,0,True,34.92953333333333,2.278,2.441,17.454,5,2010,Spring
2010-05-23,1440,1440,0,0,True,24.7926,0.864,0.416,9.541,5,2010,Spring
2010-05-24,1440,1440,0,0,True,22.355533333333334,1.875,2.467,7.746,5,2010,Spring
2010-05-25,1440,1440,0,0,True,19.9771,0.474,0.451,10.439,5,2010,Spring
2010-05-26,1440,1440,0,0,True,23.1314,0.914,4.5,8.53,5,2010,Spring
2010-05-27,1440,1440,0,0,True,22.0557,0.932,0.443,10.669,5,2010,Spring
2010-05-28,1440,1440,0,0,True,23.302733333333332,1.02,0.413,11.616,5,2010,Spring
2010-05-29,1440,1440,0,0,True,34.163466666666665,4.057,0.4,16.635,5,2010,Spring
2010-05-30,1440,1440,0,0,True,27.761666666666667,2.405,2.976,9.708,5,2010,Spring
2010-05-31,1440,1440,0,0,True,22.341033333333332,1.71,2.171,10.461,5,2010,Spring
2010-06-01,1440,1440,0,0,True,21.1494,0.97,0.4,11.858,6,2010,Summer
2010-06-02,1440,1440,0,0,True,16.348300000000002,0.0,0.656,8.454,6,2010,Summer
2010-06-03,1440,1440,0,0,True,23.23643333333333,2.916,0.451,12.304,6,2010,Summer
2010-06-04,1440,1440,0,0,True,23.675900000000002,1.695,0.397,12.517,6,2010,Summer
2010-06-05,1440,1440,0,0,True,33.49406666666667,10.932,1.253,12.223,6,2010,Summer
2010-06-06,1440,1440,0,0,True,29.1132,7.609,0.574,11.365,6,2010,Summer
2010-06-07,1440,1440,0,0,True,16.868033333333333,1.821,0.488,6.737,6,2010,Summer
2010-06-08,1440,1440,0,0,True,22.700566666666667,1.513,0.821,11.374,6,2010,Summer
2010-06-09,1440,1440,0,0,True,25.578033333333334,2.774,4.269,8.255,6,2010,Summer
2010-06-10,1440,1440,0,0,True,20.25316666666667,0.0,0.474,10.87,6,2010,Summer
2010-06-11,1440,1440,0,0,True,24.5112,3.439,0.468,11.728,6,2010,Summer
2010-06-12,1440,1439,1,0,True,32.90736666666667,2.705,3.659,16.202,6,2010,Summer
2010-06-13,1440,1440,0,0,True,27.905933333333333,4.922,2.516,9.096,6,2010,Summer
2010-06-14,1440,1440,0,0,True,20.299733333333332,0.958,0.473,10.336,6,2010,Summer
2010-06-15,1440,1440,0,0,True,20.39943333333333,0.0,0.488,10.144,6,2010,Summer
2010-06-16,1440,1440,0,0,True,29.468200000000003,1.875,4.999,10.336,6,2010,Summer
2010-06-17,1440,1440,0,0,True,17.133633333333332,0.0,0.488,8.51,6,2010,Summer
2010-06-18,1440,1440,0,0,True,22.205266666666667,0.977,0.454,11.977,6,2010,Summer
2010-06-19,1440,1440,0,0,True,23.603666666666665,2.385,1.803,9.554,6,2010,Summer
2010-06-20,1440,1440,0,0,True,27.875833333333333,1.021,4.195,12.337,6,2010,Summer
2010-06-21,1440,1440,0,0,True,27.681500000000003,3.824,3.525,11.179,6,2010,Summer
2010-06-22,1440,1440,0,0,True,25.343133333333334,0.968,6.176,9.23,6,2010,Summer
2010-06-23,1440,1440,0,0,True,24.0344,5.74,1.5,10.188,6,2010,Summer
2010-06-24,1440,1440,0,0,True,18.262999999999998,0.973,0.883,8.09,6,2010,Summer
2010-06-25,1440,1440,0,0,True,18.323966666666667,0.0,0.689,10.466,6,2010,Summer
2010-06-26,1440,1440,0,0,True,16.360333333333333,0.921,1.221,7.939,6,2010,Summer
2010-06-27,1440,1440,0,0,True,18.999399999999998,2.665,0.764,7.69,6,2010,Summer
2010-06-28,1440,1440,0,0,True,24.522333333333332,0.0,0.809,12.516,6,2010,Summer
2010-06-29,1440,1439,1,0,True,22.800133333333335,1.746,1.98,8.263,6,2010,Summer
2010-06-30,1440,1440,0,0,True,23.068933333333334,0.398,0.806,5.214,6,2010,Summer
2010-07-01,1440,1440,0,0,True,22.483366666666665,0.877,0.921,7.438,7,2010,Summer
2010-07-02,1440,1440,0,0,True,19.01546666666667,0.822,0.932,6.337,7,2010,Summer
2010-07-03,1440,1440,0,0,True,18.6679,0.0,0.968,6.151,7,2010,Summer
2010-07-04,1440,1440,0,0,True,25.6348,0.86,0.804,6.597,7,2010,Summer
2010-07-05,1440,1440,0,0,True,18.5665,0.841,0.837,6.913,7,2010,Summer
2010-07-06,1440,1440,0,0,True,16.765566666666665,0.0,0.771,8.451,7,2010,Summer
2010-07-07,1440,1440,0,0,True,13.913133333333333,0.879,0.76,5.762,7,2010,Summer
2010-07-08,1440,1440,0,0,True,20.210866666666668,0.857,1.35,8.459,7,2010,Summer
2010-07-09,1440,1440,0,0,True,18.05796666666667,0.0,0.625,5.356,7,2010,Summer
2010-07-10,1440,1440,0,0,True,19.241733333333332,0.907,1.24,8.921,7,2010,Summer
2010-07-11,1440,1440,0,0,True,19.89286666666667,0.848,0.594,7.781,7,2010,Summer
2010-07-12,1440,1440,0,0,True,18.492900000000002,1.724,0.646,6.444,7,2010,Summer
2010-07-13,1440,1440,0,0,True,23.035233333333334,2.273,2.826,7.894,7,2010,Summer
2010-07-14,1440,1440,0,0,True,23.4912,1.064,0.598,7.575,7,2010,Summer
2010-07-15,1440,1439,1,0,True,27.2636,1.108,2.179,8.203,7,2010,Summer
2010-07-16,1440,1440,0,0,True,13.6676,0.0,0.568,3.854,7,2010,Summer
2010-07-17,1440,1440,0,0,True,13.4392,0.0,0.541,6.094,7,2010,Summer
2010-07-18,1440,1440,0,0,True,13.533966666666666,0.0,0.498,3.943,7,2010,Summer
2010-07-19,1440,1440,0,0,True,13.352633333333333,0.0,0.549,6.105,7,2010,Summer
2010-07-20,1440,1440,0,0,True,14.263733333333333,0.009,0.55,5.178,7,2010,Summer
2010-07-21,1440,1440,0,0,True,17.7361,2.03,0.585,6.178,7,2010,Summer
2010-07-22,1440,1440,0,0,True,19.407433333333334,0.0,2.151,5.604,7,2010,Summer
2010-07-23,1440,1440,0,0,True,19.602633333333333,0.897,2.106,8.295,7,2010,Summer
2010-07-24,1440,1440,0,0,True,15.361133333333333,0.0,2.096,3.892,7,2010,Summer
2010-07-25,1440,1440,0,0,True,18.84016666666667,0.0,3.732,7.549,7,2010,Summer
2010-07-26,1440,1440,0,0,True,14.735833333333334,0.0,2.246,4.147,7,2010,Summer
2010-07-27,1440,1440,0,0,True,15.872666666666667,0.907,0.523,4.042,7,2010,Summer
2010-07-28,1440,1440,0,0,True,14.377566666666667,0.801,0.544,7.232,7,2010,Summer
2010-07-29,1440,1440,0,0,True,9.151733333333334,0.0,0.537,4.158,7,2010,Summer
2010-07-30,1440,1440,0,0,True,9.187666666666667,0.0,0.534,4.087,7,2010,Summer
2010-07-31,1440,1440,0,0,True,9.243599999999999,0.0,0.548,4.272,7,2010,Summer
2010-08-01,1440,1440,0,0,True,9.261066666666666,0.0,0.558,4.263,8,2010,Summer
2010-08-02,1440,1440,0,0,True,9.158033333333332,0.0,0.536,4.191,8,2010,Summer
2010-08-03,1440,1440,0,0,True,10.253533333333333,0.0,0.527,4.096,8,2010,Summer
2010-08-04,1440,1440,0,0,True,9.055933333333334,0.0,0.532,4.116,8,2010,Summer
2010-08-05,1440,1440,0,0,True,8.891266666666667,0.0,0.517,4.013,8,2010,Summer
2010-08-06,1440,1440,0,0,True,8.745766666666666,0.0,0.507,3.947,8,2010,Summer
2010-08-07,1440,1440,0,0,True,8.791266666666667,0.0,0.52,3.968,8,2010,Summer
2010-08-08,1440,1440,0,0,True,8.807666666666668,0.0,0.526,3.958,8,2010,Summer
2010-08-09,1440,1440,0,0,True,8.917733333333333,0.0,0.515,4.042,8,2010,Summer
2010-08-10,1440,1440,0,0,True,9.0793,0.0,0.525,4.141,8,2010,Summer
2010-08-11,1440,1440,0,0,True,9.033366666666666,0.0,0.542,4.118,8,2010,Summer
2010-08-12,1440,1440,0,0,True,8.8283,0.0,0.514,3.982,8,2010,Summer
2010-08-13,1440,1440,0,0,True,8.9049,0.0,0.508,4.097,8,2010,Summer
2010-08-14,1440,1440,0,0,True,9.237833333333333,0.0,0.512,4.471,8,2010,Summer
2010-08-15,1440,1440,0,0,True,17.599766666666667,0.0,4.361,5.282,8,2010,Summer
2010-08-16,1440,1440,0,0,True,18.828833333333332,1.53,0.463,7.328,8,2010,Summer
2010-08-17,1440,1262,5,173,False,,,,,8,2010,Summer
2010-08-18,1440,0,0,1440,False,,,,,8,2010,Summer
2010-08-19,1440,0,0,1440,False,,,,,8,2010,Summer
2010-08-20,1440,0,0,1440,False,,,,,8,2010,Summer
2010-08-21,1440,0,0,1440,False,,,,,8,2010,Summer
2010-08-22,1440,152,0,1288,False,,,,,8,2010,Summer
2010-08-23,1440,1440,0,0,True,12.760966666666667,0.0,0.565,6.106,8,2010,Summer
2010-08-24,1440,1440,0,0,True,12.049133333333334,0.0,0.541,5.712,8,2010,Summer
2010-08-25,1440,1440,0,0,True,16.340133333333334,0.969,0.522,8.959,8,2010,Summer
2010-08-26,1440,1440,0,0,True,12.620866666666666,0.0,0.538,5.078,8,2010,Summer
2010-08-27,1440,1440,0,0,True,33.844166666666666,0.93,7.583,12.707,8,2010,Summer
2010-08-28,1440,1440,0,0,True,24.0476,2.086,0.549,12.983,8,2010,Summer
2010-08-29,1440,1440,0,0,True,27.808,3.005,0.534,13.095,8,2010,Summer
2010-08-30,1440,1440,0,0,True,24.913366666666665,0.94,1.47,11.79,8,2010,Summer
2010-08-31,1440,1440,0,0,True,22.751766666666665,2.099,1.723,7.958,8,2010,Summer
2010-09-01,1440,1440,0,0,True,26.5553,1.947,1.194,13.99,9,2010,Autumn
2010-09-02,1440,1440,0,0,True,23.208199999999998,0.929,0.5,11.785,9,2010,Autumn
2010-09-03,1440,1440,0,0,True,22.44023333333333,0.94,0.523,9.747,9,2010,Autumn
2010-09-04,1440,1440,0,0,True,29.064,2.605,0.734,13.241,9,2010,Autumn
2010-09-05,1440,1440,0,0,True,22.0503,1.609,2.732,7.471,9,2010,Autumn
2010-09-06,1440,1440,0,0,True,23.7146,3.164,0.532,10.174,9,2010,Autumn
2010-09-07,1440,1440,0,0,True,24.197566666666667,1.929,0.922,11.829,9,2010,Autumn
2010-09-08,1440,1440,0,0,True,21.7302,0.001,0.495,7.478,9,2010,Autumn
2010-09-09,1440,1440,0,0,True,20.645233333333334,1.813,2.128,7.016,9,2010,Autumn
2010-09-10,1440,1440,0,0,True,22.135133333333332,0.966,0.654,10.773,9,2010,Autumn
2010-09-11,1440,1440,0,0,True,24.3885,0.93,1.427,8.996,9,2010,Autumn
2010-09-12,1440,1440,0,0,True,26.8682,1.805,2.08,8.891,9,2010,Autumn
2010-09-13,1440,1440,0,0,True,17.938666666666666,1.301,0.798,6.71,9,2010,Autumn
2010-09-14,1440,1440,0,0,True,23.844633333333334,1.874,2.705,10.27,9,2010,Autumn
2010-09-15,1440,1440,0,0,True,16.434900000000003,0.0,0.898,6.018,9,2010,Autumn
2010-09-16,1440,1440,0,0,True,22.328966666666666,1.038,0.739,10.31,9,2010,Autumn
2010-09-17,1440,1440,0,0,True,24.96013333333333,1.954,5.496,9.727,9,2010,Autumn
2010-09-18,1440,1440,0,0,True,20.7991,0.982,0.754,11.779,9,2010,Autumn
2010-09-19,1440,1440,0,0,True,15.326666666666666,0.0,1.307,5.156,9,2010,Autumn
2010-09-20,1440,1440,0,0,True,28.0472,3.323,0.766,13.262,9,2010,Autumn
2010-09-21,1440,1440,0,0,True,18.522933333333334,0.0,0.679,7.969,9,2010,Autumn
2010-09-22,1440,1440,0,0,True,25.173233333333332,2.472,1.167,11.768,9,2010,Autumn
2010-09-23,1440,1440,0,0,True,24.16436666666667,1.021,0.755,12.002,9,2010,Autumn
2010-09-24,1440,1440,0,0,True,22.1332,1.739,0.773,8.666,9,2010,Autumn
2010-09-25,1440,236,5,1199,False,,,,,9,2010,Autumn
2010-09-26,1440,0,0,1440,False,,,,,9,2010,Autumn
2010-09-27,1440,0,0,1440,False,,,,,9,2010,Autumn
2010-09-28,1440,287,0,1153,False,,,,,9,2010,Autumn
2010-09-29,1440,1440,0,0,True,28.073766666666664,1.579,0.648,13.047,9,2010,Autumn
2010-09-30,1440,1440,0,0,True,20.804633333333335,0.0,0.771,7.988,9,2010,Autumn
2010-10-01,1440,1440,0,0,True,25.080333333333332,1.752,0.724,11.307,10,2010,Autumn
2010-10-02,1440,1440,0,0,True,32.05423333333333,3.972,0.741,13.532,10,2010,Autumn
2010-10-03,1440,1440,0,0,True,30.5114,5.0,2.564,7.738,10,2010,Autumn
2010-10-04,1440,1440,0,0,True,29.599333333333334,1.709,0.722,8.252,10,2010,Autumn
2010-10-05,1440,1440,0,0,True,30.9104,0.0,3.012,12.037,10,2010,Autumn
2010-10-06,1440,1440,0,0,True,21.924266666666664,1.016,0.527,8.055,10,2010,Autumn
2010-10-07,1440,1440,0,0,True,30.1659,2.159,0.543,12.666,10,2010,Autumn
2010-10-08,1440,1440,0,0,True,25.174266666666664,0.964,0.71,9.927,10,2010,Autumn
2010-10-09,1440,1440,0,0,True,26.863,0.959,1.585,13.132,10,2010,Autumn
2010-10-10,1440,1440,0,0,True,33.31506666666667,3.325,0.773,10.297,10,2010,Autumn
2010-10-11,1440,1440,0,0,True,27.043166666666664,1.007,5.006,8.734,10,2010,Autumn
2010-10-12,1440,1440,0,0,True,26.3282,1.104,0.78,9.812,10,2010,Autumn
2010-10-13,1440,1440,0,0,True,34.564766666666664,1.988,0.611,16.593,10,2010,Autumn
2010-10-14,1440,1440,0,0,True,35.585366666666665,2.583,2.441,14.239,10,2010,Autumn
2010-10-15,1440,1440,0,0,True,26.6054,0.712,0.827,10.786,10,2010,Autumn
2010-10-16,1440,1440,0,0,True,16.666900000000002,0.0,0.645,7.656,10,2010,Autumn
2010-10-17,1440,1440,0,0,True,17.456366666666668,0.995,0.666,4.681,10,2010,Autumn
2010-10-18,1440,1440,0,0,True,45.2314,2.234,10.218,16.382,10,2010,Autumn
2010-10-19,1440,1440,0,0,True,32.09963333333334,1.025,4.11,9.461,10,2010,Autumn
2010-10-20,1440,1440,0,0,True,28.7994,2.154,0.69,10.33,10,2010,Autumn
2010-10-21,1440,1440,0,0,True,22.586633333333335,0.755,0.691,6.757,10,2010,Autumn
2010-10-22,1440,1440,0,0,True,27.814866666666667,1.106,0.478,12.697,10,2010,Autumn
2010-10-23,1440,1440,0,0,True,38.2206,3.737,3.883,13.465,10,2010,Autumn
2010-10-24,1440,1439,1,0,True,39.8832,1.982,7.573,13.238,10,2010,Autumn
2010-10-25,1440,1440,0,0,True,19.388199999999998,0.0,0.541,6.748,10,2010,Autumn
2010-10-26,1440,1440,0,0,True,15.765066666666666,0.0,2.488,4.989,10,2010,Autumn
2010-10-27,1440,1440,0,0,True,21.004633333333334,0.0,2.058,8.269,10,2010,Autumn
2010-10-28,1440,1440,0,0,True,24.388766666666665,1.103,2.627,9.087,10,2010,Autumn
2010-10-29,1440,1440,0,0,True,20.0737,1.075,0.726,3.911,10,2010,Autumn
2010-10-30,1440,1440,0,0,True,35.87833333333333,2.353,0.614,15.303,10,2010,Autumn
2010-10-31,1440,1440,0,0,True,24.607166666666668,1.43,0.678,5.589,10,2010,Autumn
2010-11-01,1440,1440,0,0,True,23.053,0.0,0.634,8.746,11,2010,Autumn
2010-11-02,1440,1440,0,0,True,19.851366666666667,0.0,0.574,5.784,11,2010,Autumn
2010-11-03,1440,1440,0,0,True,21.554966666666665,1.021,1.108,6.529,11,2010,Autumn
2010-11-04,1440,1440,0,0,True,42.58576666666667,6.029,11.193,10.286,11,2010,Autumn
2010-11-05,1440,1440,0,0,True,28.9348,0.0,0.79,12.61,11,2010,Autumn
2010-11-06,1440,1440,0,0,True,30.09013333333333,3.255,0.68,9.803,11,2010,Autumn
2010-11-07,1440,1440,0,0,True,27.896933333333333,1.026,0.621,6.943,11,2010,Autumn
2010-11-08,1440,1440,0,0,True,30.425666666666665,1.087,0.555,13.038,11,2010,Autumn
2010-11-09,1440,1440,0,0,True,33.701633333333334,2.097,0.583,12.5,11,2010,Autumn
2010-11-10,1440,1440,0,0,True,32.442233333333334,1.026,5.858,13.308,11,2010,Autumn
2010-11-11,1440,1440,0,0,True,29.559866666666668,3.424,2.216,6.259,11,2010,Autumn
2010-11-12,1440,1440,0,0,True,30.613699999999998,2.054,0.489,10.308,11,2010,Autumn
2010-11-13,1440,1440,0,0,True,33.719566666666665,1.051,0.589,13.853,11,2010,Autumn
2010-11-14,1440,1440,0,0,True,33.9732,5.344,0.549,8.758,11,2010,Autumn
2010-11-15,1440,1440,0,0,True,29.123033333333336,1.075,4.222,8.918,11,2010,Autumn
2010-11-16,1440,1440,0,0,True,25.162466666666667,0.0,0.478,7.949,11,2010,Autumn
2010-11-17,1440,1440,0,0,True,26.3672,1.153,0.491,8.915,11,2010,Autumn
2010-11-18,1440,1440,0,0,True,27.535866666666667,2.175,0.489,9.449,11,2010,Autumn
2010-11-19,1440,1440,0,0,True,26.173333333333336,0.0,0.483,11.914,11,2010,Autumn
2010-11-20,1440,1440,0,0,True,36.61676666666666,4.367,2.947,11.433,11,2010,Autumn
2010-11-21,1440,1440,0,0,True,15.015166666666666,0.0,0.506,4.778,11,2010,Autumn
2010-11-22,1440,1440,0,0,True,34.025600000000004,4.855,2.11,10.136,11,2010,Autumn
2010-11-23,1440,1440,0,0,True,26.292266666666666,1.871,0.458,7.611,11,2010,Autumn
2010-11-24,1440,1440,0,0,True,29.93746666666667,1.096,2.848,12.224,11,2010,Autumn
2010-11-25,1440,1440,0,0,True,23.852733333333333,1.076,0.426,5.072,11,2010,Autumn
2010-11-26,1263,1263,0,0,False,,,,,11,2010,Autumn
