forecast_date,previous_30_day_kwh,previous_7_day_mean_kwh,previous_day_kwh,kitchen_7_day_mean_kwh,laundry_7_day_mean_kwh,heating_ac_7_day_mean_kwh,month_sin,month_cos,season,next_30_day_kwh,target_repaired_minutes,forecast_end
2007-01-16,1231.7721999999999,38.302080952380955,35.811299999999996,2.0741428571428573,2.965857142857143,11.569714285714285,0.49999999999999994,0.8660254037844387,Winter,1128.431,1.0,2007-02-14
2007-01-17,1203.3712666666668,37.867200000000004,28.106733333333334,2.1277142857142857,2.448285714285714,11.111571428571429,0.49999999999999994,0.8660254037844387,Winter,1133.4133666666667,1.0,2007-02-15
2007-01-18,1214.1023,39.516933333333334,47.46146666666667,2.517571428571429,2.6312857142857142,11.833285714285713,0.49999999999999994,0.8660254037844387,Winter,1114.3273666666666,1.0,2007-02-16
2007-01-19,1216.6901,38.48423809523809,30.3577,2.3207142857142857,2.369285714285714,11.986999999999998,0.49999999999999994,0.8660254037844387,Winter,1118.5848666666666,1.0,2007-02-17
2007-01-20,1204.2683,38.52981904761905,24.674,2.621142857142857,2.353714285714286,11.829285714285716,0.49999999999999994,0.8660254037844387,Winter,1157.7402333333332,1.0,2007-02-18
2007-01-21,1227.8786333333333,38.40343333333333,52.22886666666667,2.1237142857142857,2.6747142857142854,11.843428571428571,0.49999999999999994,0.8660254037844387,Winter,1141.9549333333334,1.0,2007-02-19
2007-01-22,1245.6440333333335,39.34682380952381,56.7877,3.3478571428571433,2.8678571428571433,11.644571428571428,0.49999999999999994,0.8660254037844387,Winter,1137.6660333333332,1.0,2007-02-20
2007-01-23,1202.4291666666666,39.42257619047619,36.34156666666667,3.3414285714285716,2.974142857142857,11.10142857142857,0.49999999999999994,0.8660254037844387,Winter,1135.8723666666667,1.0,2007-02-21
2007-01-24,1189.5563,39.63980476190476,29.627333333333336,3.046714285714286,3.0341428571428573,10.884,0.49999999999999994,0.8660254037844387,Winter,1162.5045333333335,3.0,2007-02-22
2007-01-25,1193.6352000000002,39.97353333333334,49.79756666666666,3.041571428571429,2.568857142857143,10.266857142857143,0.49999999999999994,0.8660254037844387,Winter,1134.5982999999999,3.0,2007-02-23
2007-01-26,1154.6724333333334,39.4375380952381,26.605733333333333,3.2070000000000003,2.5582857142857143,9.945142857142857,0.49999999999999994,0.8660254037844387,Winter,1119.9079333333332,3.0,2007-02-24
2007-01-27,1156.1592999999998,39.76499523809524,26.9662,3.072714285714286,2.548428571428571,10.097428571428571,0.49999999999999994,0.8660254037844387,Winter,1101.3040666666668,3.0,2007-02-25
2007-01-28,1155.6832,37.170566666666666,34.06786666666667,2.6221428571428573,2.3590000000000004,10.230857142857143,0.49999999999999994,0.8660254037844387,Winter,1076.7109333333333,3.0,2007-02-26
2007-01-29,1154.3158333333333,36.42077619047619,51.53916666666667,1.6392857142857142,2.134714285714286,10.297,0.49999999999999994,0.8660254037844387,Winter,1033.8069666666665,2.0,2007-02-27
2007-01-30,1140.6646,35.949752380952376,33.0444,1.649142857142857,1.7505714285714284,10.853142857142856,0.49999999999999994,0.8660254037844387,Winter,1009.4421333333332,2.0,2007-02-28
2007-01-31,1110.8913,35.7834619047619,28.4633,1.8095714285714286,1.8019999999999998,11.294285714285715,0.49999999999999994,0.8660254037844387,Winter,989.6048999999999,2.0,2007-03-01
2007-02-01,1104.4704333333334,34.29750476190476,39.39586666666666,1.3147142857142857,2.297714285714286,11.766857142857143,0.8660254037844386,0.5000000000000001,Winter,958.8038333333333,2.0,2007-03-02
2007-02-02,1113.7291666666665,34.84135238095239,30.412666666666667,1.3164285714285715,2.315428571428572,12.039142857142858,0.8660254037844386,0.5000000000000001,Winter,942.0432000000001,2.0,2007-03-03
2007-02-03,1124.6238666666668,34.95983809523809,27.7956,1.1502857142857141,2.329,12.482,0.8660254037844386,0.5000000000000001,Winter,949.0926000000001,2.0,2007-03-04
2007-02-04,1137.4623666666666,39.68757619047619,67.16203333333334,1.6611428571428573,2.4257142857142857,13.262,0.8660254037844386,0.5000000000000001,Winter,926.2694333333333,2.0,2007-03-05
2007-02-05,1152.1719666666665,40.886599999999994,59.93233333333333,1.6504285714285716,2.5114285714285716,13.606285714285713,0.8660254037844386,0.5000000000000001,Winter,887.1120999999999,2.0,2007-03-06
2007-02-06,1154.4536666666668,40.083304761904756,27.421333333333333,1.618,2.835714285714286,12.548428571428571,0.8660254037844386,0.5000000000000001,Winter,899.2775333333333,2.0,2007-03-07
2007-02-07,1134.8846666666668,39.049214285714285,21.224666666666668,1.626857142857143,2.6901428571428574,12.029571428571428,0.8660254037844386,0.5000000000000001,Winter,904.2550666666667,2.0,2007-03-08
2007-02-08,1136.3289666666667,38.96413333333333,38.8003,2.0981428571428573,2.342,11.591571428571429,0.8660254037844386,0.5000000000000001,Winter,886.6649666666667,2.0,2007-03-09
2007-02-09,1135.2016333333333,38.90854761904762,30.023566666666667,2.249,2.3391428571428574,11.164714285714284,0.8660254037844386,0.5000000000000001,Winter,898.0532666666667,2.0,2007-03-10
2007-02-10,1126.2915999999998,38.79536190476191,27.003300000000003,2.249,2.7232857142857143,10.940714285714288,0.8660254037844386,0.5000000000000001,Winter,929.0605666666667,2.0,2007-03-11
2007-02-11,1135.8605,35.93728095238095,47.15546666666667,2.295428571428572,2.474428571428571,10.450857142857144,0.8660254037844386,0.5000000000000001,Winter,914.4162333333333,2.0,2007-03-12
2007-02-12,1171.0260333333333,35.87844285714286,59.52046666666667,2.1581428571428574,2.4984285714285717,10.256857142857143,0.8660254037844386,0.5000000000000001,Winter,876.3981666666667,2.0,2007-03-13
2007-02-13,1149.2059666666667,36.43160952380952,31.293499999999998,2.3482857142857143,2.189142857142857,10.780857142857144,0.8660254037844386,0.5000000000000001,Winter,874.9940666666666,2.0,2007-03-14
2007-02-14,1122.5977666666665,36.76748095238095,23.575766666666667,2.179,2.535285714285714,11.029285714285717,0.8660254037844386,0.5000000000000001,Winter,882.8318666666667,2.0,2007-03-15
2007-02-15,1128.431,37.17379999999999,41.644533333333335,2.178428571428572,2.5752857142857137,10.971142857142857,0.8660254037844386,0.5000000000000001,Winter,869.5549,2.0,2007-03-16
2007-02-16,1133.4133666666667,37.61173333333334,33.0891,1.8604285714285713,2.8605714285714288,11.524142857142857,0.8660254037844386,0.5000000000000001,Winter,870.2673,2.0,2007-03-17
2007-02-17,1114.3273666666666,37.80775714285714,28.375466666666668,2.0244285714285715,2.5482857142857145,11.369714285714284,0.8660254037844386,0.5000000000000001,Winter,881.4092666666667,2.0,2007-03-18
2007-02-18,1118.5848666666666,36.01629047619048,34.615199999999994,1.5521428571428573,2.4618571428571427,10.334285714285715,0.8660254037844386,0.5000000000000001,Winter,882.6693666666666,2.0,2007-03-19
2007-02-19,1157.7402333333332,36.63184761904762,63.82936666666667,2.077428571428572,2.9244285714285714,10.336428571428572,0.8660254037844386,0.5000000000000001,Winter,853.6104666666666,2.0,2007-03-20
2007-02-20,1141.9549333333334,37.36757142857143,36.44356666666667,1.9927142857142859,3.281714285714286,10.560428571428572,0.8660254037844386,0.5000000000000001,Winter,852.8684333333334,2.0,2007-03-21
2007-02-21,1137.6660333333332,41.499433333333336,52.498799999999996,2.286714285714286,3.619285714285714,11.054285714285713,0.8660254037844386,0.5000000000000001,Winter,824.6192666666666,2.0,2007-03-22
2007-02-22,1135.8723666666667,40.48562857142857,34.5479,2.319857142857143,3.4105714285714286,11.04985714285714,0.8660254037844386,0.5000000000000001,Winter,811.8881666666667,2.0,2007-03-23
2007-02-23,1162.5045333333335,43.79568571428571,56.2595,2.521142857142857,3.662857142857143,10.800857142857144,0.8660254037844386,0.5000000000000001,Winter,805.1025000000001,0.0,2007-03-24
2007-02-24,1134.5982999999999,42.86938095238095,21.891333333333332,2.357142857142857,3.6119999999999997,11.100428571428571,0.8660254037844386,0.5000000000000001,Winter,838.8196,1.0,2007-03-25
2007-02-25,1119.9079333333332,39.62654761904763,11.915366666666667,2.105,3.3458571428571426,10.586857142857143,0.8660254037844386,0.5000000000000001,Winter,850.5056,1.0,2007-03-26
2007-02-26,1101.3040666666668,31.702685714285714,8.362333333333334,1.2325714285714289,2.249571428571428,8.948428571428572,0.8660254037844386,0.5000000000000001,Winter,860.5622666666667,1.0,2007-03-27
2007-02-27,1076.7109333333333,27.84999523809524,9.474733333333335,0.9991428571428573,1.8825714285714283,7.483428571428571,0.8660254037844386,0.5000000000000001,Winter,889.9858333333334,1.0,2007-03-28
2007-02-28,1033.8069666666665,21.583766666666666,8.6352,0.7051428571428574,1.185857142857143,6.3707142857142856,0.8660254037844386,0.5000000000000001,Winter,907.8574,1.0,2007-03-29
2007-03-01,1009.4421333333332,17.888290476190477,8.679566666666666,0.20128571428571454,0.9012857142857141,5.002857142857143,1.0,6.123233995736766e-17,Spring,922.5510666666668,1.0,2007-03-30
2007-03-02,989.6048999999999,11.083514285714285,8.626066666666667,0.0,0.3565714285714286,3.5307142857142857,1.0,6.123233995736766e-17,Spring,972.4168333333333,1.0,2007-03-31
2007-03-03,958.8038333333333,9.184009523809523,8.5948,0.0,0.3332857142857143,2.271142857142857,1.0,6.123233995736766e-17,Spring,1010.2545666666667,1.0,2007-04-01
2007-03-04,942.0432000000001,9.432104761904762,13.652033333333332,0.0,0.331,2.419,1.0,6.123233995736766e-17,Spring,1029.2821666666666,1.0,2007-04-02
2007-03-05,949.0926000000001,13.215342857142856,34.845,0.2108571428571431,1.5284285714285715,3.525857142857143,1.0,6.123233995736766e-17,Spring,1021.8175,1.0,2007-04-03
2007-03-06,926.2694333333333,18.195933333333333,44.33886666666667,1.0290000000000004,3.211,4.553857142857143,1.0,6.123233995736766e-17,Spring,1011.6764333333334,1.0,2007-04-04
2007-03-07,887.1120999999999,19.93019047619048,20.775,1.0290000000000004,3.4147142857142856,4.950428571428572,1.0,6.123233995736766e-17,Spring,1021.6360666666667,1.0,2007-04-05
2007-03-08,899.2775333333333,24.345504761904767,39.58676666666667,1.182714285714286,4.046285714285714,6.884714285714286,1.0,6.123233995736766e-17,Spring,1008.7349666666668,1.0,2007-04-06
2007-03-09,904.2550666666667,26.856380952380952,26.2022,1.4941428571428577,4.484714285714285,7.5525714285714285,1.0,6.123233995736766e-17,Spring,1008.4315,1.0,2007-04-07
2007-03-10,886.6649666666667,28.658580952380955,21.2102,1.6502857142857148,4.485428571428572,8.504285714285714,1.0,6.123233995736766e-17,Spring,1014.0349,1.0,2007-04-08
2007-03-11,898.0532666666667,32.624271428571426,41.41186666666667,2.2402857142857147,5.210428571428571,9.416,1.0,6.123233995736766e-17,Spring,989.3050333333333,1.0,2007-04-09
2007-03-12,929.0605666666667,35.93364285714286,58.0106,2.7165714285714286,4.454571428571429,9.429142857142859,1.0,6.123233995736766e-17,Spring,944.2505,1.0,2007-04-10
2007-03-13,914.4162333333333,34.243966666666665,32.51113333333333,2.098857142857143,3.130571428571429,9.761571428571429,1.0,6.123233995736766e-17,Spring,926.5307333333334,1.0,2007-04-11
2007-03-14,876.3981666666667,34.347880952380955,21.5024,2.291714285714286,3.4332857142857143,9.85057142857143,1.0,6.123233995736766e-17,Spring,913.9901,1.0,2007-04-12
2007-03-15,874.9940666666666,32.96254285714286,29.889400000000002,2.635857142857143,2.8217142857142856,8.863999999999999,1.0,6.123233995736766e-17,Spring,893.2844,1.0,2007-04-13
2007-03-16,882.8318666666667,33.70702380952381,31.413566666666668,2.3244285714285717,2.8042857142857143,9.489857142857144,1.0,6.123233995736766e-17,Spring,871.1086333333334,1.0,2007-04-14
2007-03-17,869.5549,34.729504761904764,28.36756666666667,2.3262857142857145,3.412714285714285,9.024,1.0,6.123233995736766e-17,Spring,854.8438,1.0,2007-04-15
2007-03-18,870.2673,33.64230952380952,33.8015,2.051714285714286,2.6894285714285715,9.209142857142856,1.0,6.123233995736766e-17,Spring,836.9154666666667,1.0,2007-04-16
2007-03-19,881.4092666666667,31.000428571428568,39.51743333333333,2.302285714285715,3.2535714285714286,8.688571428571427,1.0,6.123233995736766e-17,Spring,817.7936,1.0,2007-04-17
2007-03-20,882.6693666666666,31.481023809523812,35.8753,2.337285714285715,3.231428571428571,8.940714285714286,1.0,6.123233995736766e-17,Spring,798.5557333333334,1.0,2007-04-18
2007-03-21,853.6104666666666,33.376461904761904,34.77046666666667,2.6794285714285713,3.0854285714285714,9.788142857142857,1.0,6.123233995736766e-17,Spring,780.9295666666667,1.0,2007-04-19
2007-03-22,852.8684333333334,34.20676666666667,35.70153333333334,2.4480000000000004,3.6072857142857138,10.320714285714287,1.0,6.123233995736766e-17,Spring,758.9377,1.0,2007-04-20
2007-03-23,824.6192666666666,33.183347619047616,24.249633333333335,2.4984285714285717,3.2462857142857144,10.238714285714286,1.0,6.123233995736766e-17,Spring,762.5823333333334,1.0,2007-04-21
2007-03-24,811.8881666666667,32.247523809523805,21.8168,2.5014285714285722,2.6995714285714283,10.667142857142858,1.0,6.123233995736766e-17,Spring,777.9941,1.0,2007-04-22
2007-03-25,805.1025000000001,34.486428571428576,49.47383333333333,2.7155714285714287,3.4764285714285714,11.253857142857145,1.0,6.123233995736766e-17,Spring,746.0963666666667,1.0,2007-04-23
2007-03-26,838.8196,36.78514285714285,55.60843333333333,2.4392857142857145,2.9379999999999997,11.754142857142856,1.0,6.123233995736766e-17,Spring,707.6895999999999,0.0,2007-04-24
2007-03-27,850.5056,35.03172380952381,23.601366666666667,2.3592857142857144,2.6034285714285716,11.036714285714286,1.0,6.123233995736766e-17,Spring,705.1576,0.0,2007-04-25
2007-03-28,860.5622666666667,32.6958,18.419,1.8242857142857143,2.6294285714285714,9.957000000000003,1.0,6.123233995736766e-17,Spring,707.9963666666666,0.0,2007-04-26
2007-03-29,889.9858333333334,33.15248095238095,38.8983,1.7181428571428576,3.2571428571428567,10.178857142857144,1.0,6.123233995736766e-17,Spring,687.3369333333333,0.0,2007-04-27
2007-05-01,,,,,,,0.49999999999999994,-0.8660254037844387,Spring,717.8387,0.0,2007-05-30
2007-05-02,,,27.730966666666667,,,,0.49999999999999994,-0.8660254037844387,Spring,705.7502333333333,0.0,2007-05-31
2007-05-03,,,16.724766666666667,,,,0.49999999999999994,-0.8660254037844387,Spring,706.4483666666667,1.0,2007-06-01
2007-05-04,,,18.170633333333335,,,,0.49999999999999994,-0.8660254037844387,Spring,713.0170999999999,1.0,2007-06-02
2007-05-05,,,16.635466666666666,,,,0.49999999999999994,-0.8660254037844387,Spring,731.5154,1.0,2007-06-03
2007-05-06,,,26.050866666666664,,,,0.49999999999999994,-0.8660254037844387,Spring,720.6581666666666,1.0,2007-06-04
2007-05-07,,,35.035066666666665,,,,0.49999999999999994,-0.8660254037844387,Spring,709.9379666666667,1.0,2007-06-05
2007-05-08,,23.963166666666666,27.3944,2.178714285714286,1.875,7.851,0.49999999999999994,-0.8660254037844387,Spring,710.8031000000001,2.0,2007-06-06
2007-05-09,,24.26181904761905,29.82153333333333,2.261,2.020142857142857,7.884,0.49999999999999994,-0.8660254037844387,Spring,697.3982666666667,2.0,2007-06-07
2007-05-10,,25.838604761904758,27.76226666666667,2.6911428571428573,2.6117142857142857,8.701142857142857,0.49999999999999994,-0.8660254037844387,Spring,705.4367666666667,2.0,2007-06-08
2007-06-10,,,,,,,1.2246467991473532e-16,-1.0,Summer,543.3812,3.0,2007-07-09
2007-06-11,,,22.346866666666664,,,,1.2246467991473532e-16,-1.0,Summer,536.1730666666667,3.0,2007-07-10
2007-06-12,,,13.244233333333334,,,,1.2246467991473532e-16,-1.0,Summer,534.9680333333333,3.0,2007-07-11
2007-06-13,,,15.312766666666667,,,,1.2246467991473532e-16,-1.0,Summer,537.4816333333333,3.0,2007-07-12
2007-06-14,,,15.454533333333334,,,,1.2246467991473532e-16,-1.0,Summer,535.2668,3.0,2007-07-13
2007-06-15,,,20.984733333333335,,,,1.2246467991473532e-16,-1.0,Summer,535.7515666666667,3.0,2007-07-14
2007-08-02,,,,,,,-0.8660254037844384,-0.5000000000000004,Summer,550.6068666666666,1.0,2007-08-31
2007-08-03,,,16.990266666666667,,,,-0.8660254037844384,-0.5000000000000004,Summer,561.9747,1.0,2007-09-01
2007-08-04,,,17.722733333333334,,,,-0.8660254037844384,-0.5000000000000004,Summer,571.9597666666667,1.0,2007-09-02
2007-08-05,,,19.083166666666667,,,,-0.8660254037844384,-0.5000000000000004,Summer,570.1919666666666,1.0,2007-09-03
2007-08-06,,,13.1183,,,,-0.8660254037844384,-0.5000000000000004,Summer,583.4894,1.0,2007-09-04
2007-08-07,,,18.162,,,,-0.8660254037844384,-0.5000000000000004,Summer,585.9369333333333,1.0,2007-09-05
2007-08-08,,,24.726333333333333,,,,-0.8660254037844384,-0.5000000000000004,Summer,576.2351666666667,1.0,2007-09-06
2007-08-09,,18.365833333333335,18.758033333333334,0.6784285714285717,0.5252857142857144,8.186857142857143,-0.8660254037844384,-0.5000000000000004,Summer,579.7520666666667,1.0,2007-09-07
2007-08-10,,18.490271428571425,17.861333333333334,0.6355714285714288,1.1702857142857144,8.155,-0.8660254037844384,-0.5000000000000004,Summer,586.3866,1.0,2007-09-08
2007-08-11,,18.40609523809524,17.1335,0.5467142857142859,1.549,8.033285714285714,-0.8660254037844384,-0.5000000000000004,Summer,597.2448,1.0,2007-09-09
2007-08-12,,18.279095238095238,18.194166666666668,0.6364285714285717,1.622142857142857,8.372285714285715,-0.8660254037844384,-0.5000000000000004,Summer,597.6735666666667,1.0,2007-09-10
2007-08-13,,19.361966666666667,20.6984,0.772714285714286,1.7872857142857141,8.648714285714286,-0.8660254037844384,-0.5000000000000004,Summer,593.3680333333333,1.0,2007-09-11
2007-08-14,,19.512661904761902,19.216866666666665,0.6294285714285718,1.8552857142857142,9.093857142857143,-0.8660254037844384,-0.5000000000000004,Summer,595.6139000000001,1.0,2007-09-12
2007-08-15,,18.221257142857144,15.686499999999999,0.7028571428571431,1.6434285714285715,8.695857142857141,-0.8660254037844384,-0.5000000000000004,Summer,599.0337666666667,1.0,2007-09-13
2007-08-16,,18.3793,19.86433333333333,0.6004285714285718,1.5572857142857142,8.714,-0.8660254037844384,-0.5000000000000004,Summer,598.0939333333333,1.0,2007-09-14
2007-08-17,,18.109814285714286,15.974933333333333,0.7118571428571431,0.9122857142857141,8.832571428571429,-0.8660254037844384,-0.5000000000000004,Summer,600.3742,1.0,2007-09-15
2007-08-18,,18.06667619047619,16.831533333333333,0.698714285714286,0.5335714285714286,8.758571428571429,-0.8660254037844384,-0.5000000000000004,Summer,611.0797333333334,1.0,2007-09-16
2007-08-19,,16.295985714285713,5.799333333333333,0.5301428571428574,0.4035714285714285,7.543,-0.8660254037844384,-0.5000000000000004,Summer,629.6335,1.0,2007-09-17
2007-08-20,,16.725485714285714,23.704900000000002,0.5161428571428573,1.5115714285714288,7.1725714285714295,-0.8660254037844384,-0.5000000000000004,Summer,625.3872666666667,1.0,2007-09-18
2007-08-21,,17.167938095238096,22.314033333333334,0.6502857142857145,2.4385714285714286,6.641428571428571,-0.8660254037844384,-0.5000000000000004,Summer,624.7179666666667,1.0,2007-09-19
2007-08-22,,16.45690476190476,10.709266666666668,0.5144285714285717,2.3461428571428575,6.218571428571428,-0.8660254037844384,-0.5000000000000004,Summer,634.9342333333333,1.0,2007-09-20
2007-08-23,,16.499638095238097,20.163466666666668,0.9015714285714288,2.535857142857143,5.854857142857142,-0.8660254037844384,-0.5000000000000004,Summer,635.4171,1.0,2007-09-21
2007-08-24,,16.86586666666667,18.53853333333333,1.1215714285714289,2.572857142857143,5.55,-0.8660254037844384,-0.5000000000000004,Summer,636.4814333333333,1.0,2007-09-22
2007-08-25,,18.405419047619045,27.6084,1.356857142857143,3.1134285714285714,5.860714285714287,-0.8660254037844384,-0.5000000000000004,Summer,632.5058666666666,0.0,2007-09-23
2007-08-26,,20.317133333333334,19.181333333333335,1.949571428571429,3.426428571428571,6.4104285714285725,-0.8660254037844384,-0.5000000000000004,Summer,635.9000333333333,0.0,2007-09-24
2007-08-27,,20.06144761904762,21.9151,2.0232857142857146,2.674,6.363142857142857,-0.8660254037844384,-0.5000000000000004,Summer,643.3906333333333,0.0,2007-09-25
2007-08-28,,19.7588,20.1955,2.205142857142857,1.8545714285714285,6.214714285714287,-0.8660254037844384,-0.5000000000000004,Summer,653.6873333333334,2.0,2007-09-26
2007-08-29,,20.60272380952381,16.616733333333332,2.3534285714285716,2.2017142857142855,6.527142857142858,-0.8660254037844384,-0.5000000000000004,Summer,660.2805999999999,2.0,2007-09-27
2007-08-30,,19.503161904761903,12.466533333333333,2.054714285714286,2.0197142857142856,6.197285714285714,-0.8660254037844384,-0.5000000000000004,Summer,675.8223666666667,2.0,2007-09-28
2007-08-31,,19.71779523809524,20.04096666666667,2.2432857142857148,2.3512857142857144,6.0371428571428565,-0.8660254037844384,-0.5000000000000004,Summer,694.0567666666667,2.0,2007-09-29
2007-09-01,550.6068666666666,18.820933333333333,21.330366666666666,2.144571428571429,1.9058571428571427,5.864857142857143,-1.0,-1.8369701987210297e-16,Autumn,697.9979,2.0,2007-09-30
2007-09-02,561.9747,20.131899999999998,28.3581,1.908571428571429,1.6741428571428572,6.444142857142857,-1.0,-1.8369701987210297e-16,Autumn,698.3218333333333,2.0,2007-10-01
2007-09-03,571.9597666666667,20.95942857142857,27.707800000000002,2.204571428571429,1.3844285714285713,6.893857142857143,-1.0,-1.8369701987210297e-16,Autumn,707.2617666666666,2.0,2007-10-02
2007-09-04,570.1919666666666,20.547980952380954,17.315366666666666,1.9640000000000004,1.5681428571428573,6.747999999999999,-1.0,-1.8369701987210297e-16,Autumn,711.2873,2.0,2007-10-03
2007-09-05,583.4894,21.947838095238094,26.415733333333332,2.2340000000000004,1.7157142857142857,7.367714285714285,-1.0,-1.8369701987210297e-16,Autumn,710.1791999999999,2.0,2007-10-04
2007-09-06,585.9369333333333,23.111123809523807,20.60953333333333,2.0972857142857144,2.2274285714285713,7.6209999999999996,-1.0,-1.8369701987210297e-16,Autumn,712.8045333333333,2.0,2007-10-05
2007-09-07,576.2351666666667,22.39449523809524,15.024566666666667,1.5512857142857146,2.414285714285714,7.512428571428572,-1.0,-1.8369701987210297e-16,Autumn,727.0506333333333,2.0,2007-10-06
2007-09-08,579.7520666666667,22.529433333333333,22.274933333333333,1.898714285714286,2.3978571428571427,7.605285714285714,-1.0,-1.8369701987210297e-16,Autumn,739.8775999999999,2.0,2007-10-07
2007-09-09,586.3866,21.977685714285712,24.495866666666664,2.0190000000000006,2.573857142857143,7.524,-1.0,-1.8369701987210297e-16,Autumn,733.6357666666667,2.0,2007-10-08
2007-09-10,597.2448,22.01824285714286,27.991699999999998,1.8148571428571432,2.976857142857143,7.585,-1.0,-1.8369701987210297e-16,Autumn,733.7750333333332,2.0,2007-10-09
2007-09-11,597.6735666666667,22.20503809523809,18.622933333333332,1.859714285714286,2.7025714285714284,7.626428571428571,-1.0,-1.8369701987210297e-16,Autumn,734.6016333333333,2.0,2007-10-10
2007-09-12,593.3680333333333,20.7732,16.392866666666666,1.5761428571428575,2.2809999999999997,7.050857142857143,-1.0,-1.8369701987210297e-16,Autumn,747.0828666666667,2.0,2007-10-11
2007-09-13,595.6139000000001,20.895085714285717,21.462733333333333,1.5761428571428573,2.1485714285714286,7.200857142857143,-1.0,-1.8369701987210297e-16,Autumn,757.5285333333333,2.0,2007-10-12
2007-09-14,599.0337666666667,21.478199999999998,19.106366666666666,1.7440000000000002,1.9535714285714285,7.256857142857143,-1.0,-1.8369701987210297e-16,Autumn,770.5343,2.0,2007-10-13
2007-09-15,598.0939333333333,20.99956666666667,18.924500000000002,1.353857142857143,1.9714285714285713,6.744857142857143,-1.0,-1.8369701987210297e-16,Autumn,785.964,2.0,2007-10-14
2007-09-16,600.3742,20.10804285714286,18.2552,0.8768571428571431,1.921142857142857,6.3591428571428565,-1.0,-1.8369701987210297e-16,Autumn,788.8143,2.0,2007-10-15
2007-09-17,611.0797333333334,20.043095238095237,27.537066666666664,1.0102857142857145,1.7248571428571429,6.3701428571428576,-1.0,-1.8369701987210297e-16,Autumn,794.0179333333333,2.0,2007-10-16
2007-09-18,629.6335,20.86169047619048,24.353099999999998,1.8268571428571432,1.772142857142857,6.465285714285715,-1.0,-1.8369701987210297e-16,Autumn,795.9469999999999,2.0,2007-10-17
2007-09-19,625.3872666666667,21.299661904761905,19.458666666666666,1.9618571428571432,1.9834285714285715,6.412857142857143,-1.0,-1.8369701987210297e-16,Autumn,801.7971666666666,2.0,2007-10-18
2007-09-20,624.7179666666667,21.325661904761905,21.64473333333333,1.9618571428571432,1.9157142857142857,6.4388571428571435,-1.0,-1.8369701987210297e-16,Autumn,814.9132333333333,2.0,2007-10-19
2007-09-21,634.9342333333333,21.585542857142855,20.92553333333333,1.944857142857143,1.6251428571428572,7.316428571428571,-1.0,-1.8369701987210297e-16,Autumn,821.6584666666666,2.0,2007-10-20
2007-09-22,635.4171,21.831519047619047,20.646333333333335,2.2632857142857143,1.9207142857142858,7.389571428571429,-1.0,-1.8369701987210297e-16,Autumn,833.3778,2.0,2007-10-21
2007-09-23,636.4814333333333,22.024042857142856,19.602866666666667,2.3981428571428576,1.901,7.564428571428572,-1.0,-1.8369701987210297e-16,Autumn,841.3232,2.0,2007-10-22
2007-09-24,632.5058666666666,21.466295238095235,23.632833333333334,2.357142857142857,1.7388571428571429,7.289000000000001,-1.0,-1.8369701987210297e-16,Autumn,850.3304333333333,4.0,2007-10-23
2007-09-25,635.9000333333333,21.21235238095238,22.575499999999998,1.539714285714286,2.168714285714286,7.528428571428571,-1.0,-1.8369701987210297e-16,Autumn,858.8488666666667,4.0,2007-10-24
2007-09-26,643.3906333333333,22.633357142857143,29.405700000000003,1.400857142857143,2.200714285714286,8.156285714285714,-1.0,-1.8369701987210297e-16,Autumn,860.3417999999999,4.0,2007-10-25
2007-09-27,653.6873333333334,23.897280952380953,30.4922,1.552,3.1541428571428574,7.835999999999999,-1.0,-1.8369701987210297e-16,Autumn,853.8090666666666,2.0,2007-10-26
2007-09-28,660.2805999999999,24.223633333333332,23.209999999999997,1.5534285714285716,3.1761428571428567,7.454285714285715,-1.0,-1.8369701987210297e-16,Autumn,860.3605333333334,2.0,2007-10-27
2007-09-29,675.8223666666667,25.275342857142856,28.008300000000002,1.2485714285714289,3.315714285714286,7.973714285714286,-1.0,-1.8369701987210297e-16,Autumn,840.8882,2.0,2007-10-28
2007-09-30,694.0567666666667,27.942842857142857,38.27536666666666,1.6972857142857145,4.193714285714286,8.045428571428571,-1.0,-1.8369701987210297e-16,Autumn,811.7033,2.0,2007-10-29
2007-10-01,697.9979,28.176938095238093,25.2715,1.4935714285714288,4.001285714285714,8.451571428571429,-0.8660254037844386,0.5000000000000001,Autumn,799.9486,2.0,2007-10-30
2007-10-02,698.3218333333333,29.0493,28.682033333333333,1.5761428571428573,4.385142857142857,8.166571428571428,-0.8660254037844386,0.5000000000000001,Autumn,792.6534,2.0,2007-10-31
2007-10-03,707.2617666666666,30.08387619047619,36.647733333333335,1.517857142857143,5.2092857142857145,8.59442857142857,-0.8660254037844386,0.5000000000000001,Autumn,764.2759333333333,2.0,2007-11-01
2007-10-04,711.2873,28.77654761904762,21.340899999999998,1.5065714285714287,4.581714285714285,8.308285714285715,-0.8660254037844386,0.5000000000000001,Autumn,766.9950666666667,2.0,2007-11-02
2007-10-05,710.1791999999999,29.076209523809524,25.307633333333335,1.6971428571428573,4.553285714285714,8.649142857142857,-0.8660254037844386,0.5000000000000001,Autumn,749.8966,2.0,2007-11-03
2007-10-06,712.8045333333333,28.394290476190474,23.23486666666667,1.5548571428571432,4.071714285714285,8.573857142857143,-0.8660254037844386,0.5000000000000001,Autumn,751.4231666666667,2.0,2007-11-04
2007-10-07,727.0506333333333,27.107904761904763,29.270666666666667,1.6627142857142858,3.056,8.784714285714285,-0.8660254037844386,0.5000000000000001,Autumn,747.1623666666667,2.0,2007-11-05
2007-10-08,739.8775999999999,28.51224761904762,35.1019,1.8188571428571432,4.152142857142857,8.879142857142858,-0.8660254037844386,0.5000000000000001,Autumn,746.7667666666667,2.0,2007-11-06
2007-10-09,733.6357666666667,27.022533333333335,18.254033333333332,1.6035714285714289,3.266142857142857,8.753714285714286,-0.8660254037844386,0.5000000000000001,Autumn,759.2587,2.0,2007-11-07
2007-10-10,733.7750333333332,25.80585238095238,28.130966666666666,1.8215714285714288,2.4268571428571426,8.250142857142857,-0.8660254037844386,0.5000000000000001,Autumn,756.1454,2.0,2007-11-08
2007-10-11,734.6016333333333,25.535657142857143,19.44953333333333,1.9478571428571432,2.011571428571428,8.200571428571427,-0.8660254037844386,0.5000000000000001,Autumn,772.8829666666667,2.0,2007-11-09
2007-10-12,747.0828666666667,26.04515238095238,28.8741,1.980714285714286,2.007285714285714,7.928571428571429,-0.8660254037844386,0.5000000000000001,Autumn,787.5355333333333,2.0,2007-11-10
2007-10-13,757.5285333333333,27.28422857142857,31.908399999999997,2.126428571428572,2.6754285714285713,8.247714285714286,-0.8660254037844386,0.5000000000000001,Autumn,787.0792,2.0,2007-11-11
2007-10-14,770.5343,27.69015238095238,32.11213333333333,1.5734285714285716,3.1685714285714286,8.075857142857142,-0.8660254037844386,0.5000000000000001,Autumn,790.9028333333333,2.0,2007-11-12
2007-10-15,785.964,27.583338095238094,34.3542,1.6351428571428575,3.0598571428571426,7.538714285714286,-0.8660254037844386,0.5000000000000001,Autumn,793.4552666666666,2.0,2007-11-13
2007-10-16,788.8143,27.990690476190476,21.1055,1.786714285714286,3.0482857142857136,7.906142857142856,-0.8660254037844386,0.5000000000000001,Autumn,806.483,2.0,2007-11-14
2007-10-17,794.0179333333333,28.64922380952381,32.7407,1.4961428571428574,3.8659999999999997,7.989857142857143,-0.8660254037844386,0.5000000000000001,Autumn,798.6087666666667,2.0,2007-11-15
2007-10-18,795.9469999999999,29.625314285714285,26.28216666666667,1.3821428571428576,3.6282857142857137,8.793142857142858,-0.8660254037844386,0.5000000000000001,Autumn,810.8225000000001,2.0,2007-11-16
2007-10-19,801.7971666666666,29.11599047619048,25.308833333333332,1.1724285714285716,3.6144285714285713,9.087142857142856,-0.8660254037844386,0.5000000000000001,Autumn,829.0152333333333,2.0,2007-11-17
2007-10-20,814.9132333333333,29.52347619047619,34.7608,1.2122857142857144,3.342428571428571,9.085571428571429,-0.8660254037844386,0.5000000000000001,Autumn,830.6520666666667,2.0,2007-11-18
2007-10-21,821.6584666666666,28.88899523809524,27.67076666666667,1.4114285714285715,2.8419999999999996,9.765857142857142,-0.8660254037844386,0.5000000000000001,Autumn,831.7088666666667,2.0,2007-11-19
2007-10-22,833.3778,28.604919047619052,32.36566666666667,1.5231428571428576,2.3938571428571427,9.79257142857143,-0.8660254037844386,0.5000000000000001,Autumn,834.2741333333333,2.0,2007-11-20
2007-10-23,841.3232,29.525314285714284,27.548266666666667,1.3715714285714289,2.3881428571428573,10.560142857142855,-0.8660254037844386,0.5000000000000001,Autumn,835.9794,3.0,2007-11-21
2007-10-24,850.3304333333333,29.510938095238096,32.64006666666667,1.5240000000000002,2.0045714285714284,10.674999999999999,-0.8660254037844386,0.5000000000000001,Autumn,835.5456333333333,1.0,2007-11-22
2007-10-25,858.8488666666667,30.198333333333334,31.093933333333332,2.008857142857143,1.9918571428571428,10.696,-0.8660254037844386,0.5000000000000001,Autumn,846.4953333333333,1.0,2007-11-23
2007-10-26,860.3417999999999,30.99687619047619,30.898633333333333,2.0540000000000003,2.2941428571428566,10.341857142857142,-0.8660254037844386,0.5000000000000001,Autumn,847.2476,1.0,2007-11-24
2007-10-27,853.8090666666666,29.453828571428573,23.959466666666668,1.8684285714285718,1.8975714285714285,9.501571428571427,-0.8660254037844386,0.5000000000000001,Autumn,846.5481000000001,1.0,2007-11-25
2007-10-28,860.3605333333334,29.752499999999998,29.761466666666667,1.7271428571428573,2.549,8.890714285714285,-0.8660254037844386,0.5000000000000001,Autumn,842.9485666666667,1.0,2007-11-26
2007-10-29,840.8882,26.348257142857143,8.535966666666667,1.1968571428571428,1.9669999999999999,8.098142857142857,-0.8660254037844386,0.5000000000000001,Autumn,881.0961333333333,1.0,2007-11-27
2007-10-30,811.7033,23.71142857142857,9.090466666666666,1.1968571428571428,1.9627142857142856,6.6298571428571424,-0.8660254037844386,0.5000000000000001,Autumn,899.4213333333333,1.0,2007-11-28
2007-10-31,799.9486,20.979533333333332,13.5168,1.0444285714285717,1.4982857142857138,5.712142857142857,-0.8660254037844386,0.5000000000000001,Autumn,914.5620666666666,2.0,2007-11-29
2007-11-01,792.6534,19.592804761904763,21.386833333333335,0.40742857142857175,2.1177142857142854,5.683571428571428,-0.5000000000000004,0.8660254037844384,Autumn,932.0373666666667,2.0,2007-11-30
2007-11-02,764.2759333333333,16.360180952380954,8.270266666666666,0.19628571428571456,1.8119999999999996,4.912999999999999,-0.5000000000000004,0.8660254037844384,Autumn,976.0161333333333,2.0,2007-12-01
2007-11-03,766.9950666666667,16.374547619047622,24.060033333333333,0.38857142857142885,2.064428571428571,5.838571428571428,-0.5000000000000004,0.8660254037844384,Autumn,1001.0592333333334,2.0,2007-12-02
2007-11-04,749.8966,13.29564761904762,8.209166666666667,0.19228571428571456,1.4109999999999998,4.836714285714286,-0.5000000000000004,0.8660254037844384,Autumn,1022.2177333333334,2.0,2007-12-03
2007-11-05,751.4231666666667,15.61357142857143,24.761433333333333,0.19228571428571456,1.997285714285714,5.594285714285713,-0.5000000000000004,0.8660254037844384,Autumn,1031.9169,2.0,2007-12-04
2007-11-06,747.1623666666667,17.88777142857143,25.009866666666667,0.3730000000000002,2.015571428571428,6.141999999999999,-0.5000000000000004,0.8660254037844384,Autumn,1042.7923666666668,2.0,2007-12-05
2007-11-07,746.7667666666667,20.914842857142855,34.706300000000006,0.5308571428571431,2.527,7.0611428571428565,-0.5000000000000004,0.8660254037844384,Autumn,1049.5516333333333,2.0,2007-12-06
2007-11-08,759.2587,22.251861904761906,30.745966666666668,1.2511428571428576,1.8985714285714281,6.698142857142857,-0.5000000000000004,0.8660254037844384,Autumn,1048.2892666666667,2.0,2007-12-07
2007-11-09,756.1454,24.64434761904762,25.017666666666667,1.4961428571428574,1.9015714285714282,7.342285714285714,-0.5000000000000004,0.8660254037844384,Autumn,1060.1616666666666,2.0,2007-12-08
2007-11-10,772.8829666666667,26.376785714285717,36.1871,1.3038571428571433,2.2527142857142857,7.789428571428571,-0.5000000000000004,0.8660254037844384,Autumn,1061.8843,2.0,2007-12-09
2007-11-11,787.5355333333333,31.42214285714286,43.526666666666664,1.8320000000000003,2.255857142857143,9.479571428571429,-0.5000000000000004,0.8660254037844384,Autumn,1047.6702,2.0,2007-12-10
2007-11-12,787.0792,32.377947619047625,31.452066666666667,2.3241428571428573,1.6748571428571426,9.330428571428572,-0.5000000000000004,0.8660254037844384,Autumn,1054.6365333333333,2.0,2007-12-11
2007-11-13,790.9028333333333,33.938790476190476,35.93576666666667,2.288857142857143,2.2131428571428566,10.287285714285714,-0.5000000000000004,0.8660254037844384,Autumn,1045.1684666666667,2.0,2007-12-12
2007-11-14,793.4552666666666,34.253123809523814,36.90663333333334,2.2707142857142864,2.1299999999999994,10.342428571428572,-0.5000000000000004,0.8660254037844384,Autumn,1039.0576,2.0,2007-12-13
2007-11-15,806.483,34.73701904761905,34.13323333333333,1.7011428571428573,2.129142857142857,11.766857142857143,-0.5000000000000004,0.8660254037844384,Autumn,1037.8378333333333,2.0,2007-12-14
2007-11-16,798.6087666666667,34.71541904761905,24.866466666666668,1.6855714285714287,2.165857142857143,11.910142857142857,-0.5000000000000004,0.8660254037844384,Autumn,1058.5859666666665,2.0,2007-12-15
2007-11-17,810.8225000000001,35.04524761904762,38.4959,1.9700000000000002,2.178285714285714,11.651428571428571,-0.5000000000000004,0.8660254037844384,Autumn,1066.1270333333332,2.0,2007-12-16
2007-11-18,829.0152333333333,35.0416619047619,43.50156666666667,1.8115714285714286,2.4489999999999994,11.826142857142857,-0.5000000000000004,0.8660254037844384,Autumn,1052.5991666666666,3.0,2007-12-17
2007-11-19,830.6520666666667,35.74817142857143,36.39763333333334,2.0624285714285717,2.7028571428571424,11.974999999999998,-0.5000000000000004,0.8660254037844384,Autumn,1059.9214333333334,3.0,2007-12-18
2007-11-20,831.7088666666667,34.71842857142857,28.727566666666668,2.072571428571429,2.1439999999999997,11.613428571428573,-0.5000000000000004,0.8660254037844384,Autumn,1067.7947333333334,3.0,2007-12-19
2007-11-21,834.2741333333333,34.43618571428571,34.930933333333336,2.077857142857143,2.004142857142857,11.606285714285715,-0.5000000000000004,0.8660254037844384,Autumn,1065.3597666666667,3.0,2007-12-20
2007-11-22,835.9794,33.739085714285714,29.253533333333333,2.0901428571428573,2.040428571428571,10.624571428571429,-0.5000000000000004,0.8660254037844384,Autumn,1069.1491666666668,2.0,2007-12-21
2007-11-23,835.5456333333333,34.78763333333334,32.2063,2.2702857142857145,2.001285714285714,10.838571428571429,-0.5000000000000004,0.8660254037844384,Autumn,1080.4639333333334,2.0,2007-12-22
2007-11-24,846.4953333333333,35.294452380952386,42.04363333333333,2.295571428571429,2.2185714285714284,10.855857142857143,-0.5000000000000004,0.8660254037844384,Autumn,1078.5711,2.0,2007-12-23
2007-11-25,847.2476,33.6015,31.6509,2.150571428571429,2.4945714285714287,10.636,-0.5000000000000004,0.8660254037844384,Autumn,1084.551,2.0,2007-12-24
2007-11-26,846.5481000000001,31.724690476190478,23.259966666666667,1.915571428571429,2.2348571428571424,10.437714285714287,-0.5000000000000004,0.8660254037844384,Autumn,1106.2071666666666,2.0,2007-12-25
2007-11-27,842.9485666666667,31.358171428571428,26.16193333333333,1.9154285714285717,2.2398571428571428,10.177142857142858,-0.5000000000000004,0.8660254037844384,Autumn,1123.0499,2.0,2007-12-26
2007-11-28,881.0961333333333,33.03711428571428,46.68353333333334,1.9222857142857148,3.249285714285714,10.760714285714286,-0.5000000000000004,0.8660254037844384,Autumn,1118.5696666666665,2.0,2007-12-27
2007-11-29,899.4213333333333,32.7745619047619,27.415666666666667,1.9281428571428576,3.2807142857142852,10.523142857142858,-0.5000000000000004,0.8660254037844384,Autumn,1143.0382000000002,2.0,2007-12-28
2007-11-30,914.5620666666666,32.26759523809524,28.657533333333333,1.808714285714286,3.2787142857142855,10.497,-0.5000000000000004,0.8660254037844384,Autumn,1169.3632666666665,1.0,2007-12-29
2007-12-01,932.0373666666667,31.813095238095237,38.86213333333333,1.4990000000000003,3.5301428571428564,10.485,-2.4492935982947064e-16,1.0,Winter,1173.1497333333332,1.0,2007-12-30
2007-12-02,976.0161333333333,34.75568571428571,52.24903333333334,2.610857142857143,2.990428571428571,11.113,-2.4492935982947064e-16,1.0,Winter,1157.8430666666668,1.0,2007-12-31
2007-12-03,1001.0592333333334,38.44756666666667,49.10313333333333,2.4014285714285717,3.9384285714285707,11.821285714285716,-2.4492935982947064e-16,1.0,Winter,1154.7355666666667,1.0,2008-01-01
2007-12-04,1022.2177333333334,38.905528571428576,29.367666666666665,2.4090000000000003,3.94,12.035857142857143,-2.4492935982947064e-16,1.0,Winter,1152.7696666666666,1.0,2008-01-02
2007-12-05,1031.9169,37.159395238095236,34.4606,2.4017142857142857,3.198285714285714,11.100142857142856,-2.4492935982947064e-16,1.0,Winter,1143.4775333333334,1.0,2008-01-03
2007-12-06,1042.7923666666668,38.369347619047616,35.88533333333333,2.721714285714286,3.1305714285714283,11.544285714285715,-2.4492935982947064e-16,1.0,Winter,1145.7897333333333,1.0,2008-01-04
2007-12-07,1049.5516333333333,40.19906666666667,41.46556666666667,3.110285714285715,3.1355714285714282,11.985714285714286,-2.4492935982947064e-16,1.0,Winter,1140.7116333333333,1.0,2008-01-05
2007-12-08,1048.2892666666667,38.85927619047619,29.483600000000003,3.1758571428571436,2.5311428571428567,11.508857142857142,-2.4492935982947064e-16,1.0,Winter,1141.6477666666665,1.0,2008-01-06
2007-12-09,1060.1616666666666,36.6651380952381,36.89006666666667,2.0011428571428573,2.817,10.714,-2.4492935982947064e-16,1.0,Winter,1133.0212666666666,1.0,2008-01-07
2007-12-10,1061.8843,35.06608095238095,37.90973333333333,2.2991428571428574,2.1759999999999997,10.441428571428572,-2.4492935982947064e-16,1.0,Winter,1129.1707,1.0,2008-01-08
2007-12-11,1047.6702,35.05820952380952,29.312566666666665,2.293571428571429,2.1729999999999996,10.134714285714285,-2.4492935982947064e-16,1.0,Winter,1129.6654666666668,1.0,2008-01-09
2007-12-12,1054.6365333333333,35.62360952380953,38.4184,2.2990000000000004,1.8857142857142857,10.731714285714286,-2.4492935982947064e-16,1.0,Winter,1122.815,1.0,2008-01-10
2007-12-13,1045.1684666666667,34.27823333333333,26.467699999999997,1.974714285714286,1.8798571428571427,10.280285714285714,-2.4492935982947064e-16,1.0,Winter,1124.7776,1.0,2008-01-11
2007-12-14,1039.0576,32.753976190476195,30.79576666666667,1.453571428571429,2.041285714285714,9.852142857142857,-2.4492935982947064e-16,1.0,Winter,1141.8386333333333,1.0,2008-01-12
2007-12-15,1037.8378333333333,33.24395714285715,32.913466666666665,1.5280000000000005,2.061142857142857,10.234714285714286,-2.4492935982947064e-16,1.0,Winter,1157.027,2.0,2008-01-13
2007-12-16,1058.5859666666665,34.490319047619046,45.6146,1.609857142857143,2.2515714285714283,10.524714285714285,-2.4492935982947064e-16,1.0,Winter,1145.1612666666667,2.0,2008-01-14
2007-12-17,1066.1270333333332,35.65135238095238,46.036966666666665,1.5004285714285717,2.230571428571428,11.124857142857142,-2.4492935982947064e-16,1.0,Winter,1143.9061666666666,2.0,2008-01-15
2007-12-18,1052.5991666666666,35.745799999999996,29.9737,1.5767142857142857,2.2255714285714285,11.45142857142857,-2.4492935982947064e-16,1.0,Winter,1149.53,1.0,2008-01-16
2007-12-19,1059.9214333333334,36.50315714285714,43.7199,1.5871428571428576,2.510285714285714,11.216142857142856,-2.4492935982947064e-16,1.0,Winter,1132.0148,1.0,2008-01-17
2007-12-20,1067.7947333333334,37.95075238095238,36.60086666666667,1.598714285714286,2.8537142857142856,11.776142857142856,-2.4492935982947064e-16,1.0,Winter,1131.8637333333334,1.0,2008-01-18
2007-12-21,1065.3597666666667,38.19363809523809,32.49596666666667,1.706714285714286,2.686285714285714,12.444857142857144,-2.4492935982947064e-16,1.0,Winter,1132.3728666666666,1.0,2008-01-19
2007-12-22,1069.1491666666668,38.212133333333334,33.04293333333333,1.736857142857143,2.165,12.346285714285715,-2.4492935982947064e-16,1.0,Winter,1128.3360666666665,1.0,2008-01-20
2007-12-23,1080.4639333333334,37.91305714285714,43.52106666666667,2.0387142857142857,2.288285714285714,12.112,-2.4492935982947064e-16,1.0,Winter,1115.7983,1.0,2008-01-21
2007-12-24,1078.5711,37.072176190476185,40.1508,1.8331428571428572,2.404,11.973857142857144,-2.4492935982947064e-16,1.0,Winter,1114.3978,1.0,2008-01-22
2007-12-25,1084.551,38.16604761904762,37.6308,2.0258571428571432,2.7001428571428567,12.514285714285714,-2.4492935982947064e-16,1.0,Winter,1108.1388000000002,1.0,2008-01-23
2007-12-26,1106.2071666666666,38.3369380952381,44.91613333333333,2.520857142857143,2.3512857142857144,12.227285714285715,-2.4492935982947064e-16,1.0,Winter,1090.6397,1.0,2008-01-24
2007-12-27,1123.0499,39.25176666666666,43.00466666666667,2.503142857142857,2.3677142857142854,11.913142857142857,-2.4492935982947064e-16,1.0,Winter,1084.9659666666666,1.0,2008-01-25
2007-12-28,1118.5696666666665,40.63852857142857,42.2033,2.826428571428572,2.5411428571428574,11.108571428571429,-2.4492935982947064e-16,1.0,Winter,1090.0124666666668,1.0,2008-01-26
2007-12-29,1143.0382000000002,43.3301380952381,51.8842,2.939142857142857,3.7345714285714284,11.618857142857141,-2.4492935982947064e-16,1.0,Winter,1077.8243666666665,1.0,2008-01-27
2007-12-30,1169.3632666666665,44.967499999999994,54.982600000000005,3.0844285714285715,3.4322857142857144,11.937857142857142,-2.4492935982947064e-16,1.0,Winter,1061.3117,1.0,2008-01-28
2007-12-31,1173.1497333333332,45.32432857142857,42.6486,3.3164285714285713,3.504571428571428,12.155428571428573,-2.4492935982947064e-16,1.0,Winter,1063.2635,1.0,2008-01-29
2008-01-01,1157.8430666666668,45.22598095238095,36.942366666666665,2.89,3.6675714285714283,12.115571428571428,0.49999999999999994,0.8660254037844387,Winter,1053.6652333333334,1.0,2008-01-30
2008-01-02,1154.7355666666667,45.38019523809523,45.99563333333333,2.5861428571428573,3.5777142857142854,12.582857142857142,0.49999999999999994,0.8660254037844387,Winter,1040.2349666666667,1.0,2008-01-31
2008-01-03,1152.7696666666666,43.15120952380953,27.401766666666667,2.4277142857142855,3.6235714285714278,12.512428571428572,0.49999999999999994,0.8660254037844387,Winter,1038.4107333333334,1.0,2008-02-01
2008-01-04,1143.4775333333334,40.717661904761904,25.168466666666667,2.0002857142857144,3.531571428571428,12.328285714285714,0.49999999999999994,0.8660254037844387,Winter,1062.2495666666666,2.0,2008-02-02
2008-01-05,1145.7897333333333,38.76242380952381,38.19753333333333,1.894714285714286,3.070428571428571,11.746714285714287,0.49999999999999994,0.8660254037844387,Winter,1058.7948333333334,2.0,2008-02-03
2008-01-06,1140.7116333333333,36.10597619047619,36.38746666666667,1.505714285714286,2.7635714285714283,11.701714285714285,0.49999999999999994,0.8660254037844387,Winter,1049.5430000000001,2.0,2008-02-04
2008-01-07,1141.6477666666665,34.35899523809524,30.419733333333333,1.2730000000000001,2.5989999999999998,10.893,0.49999999999999994,0.8660254037844387,Winter,1060.3308666666667,2.0,2008-02-05
2008-01-08,1133.0212666666666,33.119166666666665,28.26356666666667,1.4570000000000003,2.145428571428571,10.353428571428571,0.49999999999999994,0.8660254037844387,Winter,1059.8929666666666,2.0,2008-02-06
2008-01-09,1129.1707,31.41395714285714,34.05916666666666,1.4192857142857147,2.2557142857142853,9.98742857142857,0.49999999999999994,0.8660254037844387,Winter,1051.1389666666666,2.0,2008-02-07
2008-01-10,1129.6654666666668,31.757609523809524,29.807333333333336,1.5852857142857144,1.854285714285714,9.984,0.49999999999999994,0.8660254037844387,Winter,1053.8410333333334,2.0,2008-02-08
2008-01-11,1122.815,32.671819047619046,31.567933333333333,1.610571428571429,1.7741428571428568,10.458428571428572,0.49999999999999994,0.8660254037844387,Winter,1057.3110333333334,2.0,2008-02-09
2008-01-12,1124.7776,31.2765,28.4303,1.6134285714285714,1.0547142857142855,9.921999999999999,0.49999999999999994,0.8660254037844387,Winter,1065.2926333333332,2.0,2008-02-10
2008-01-13,1141.8386333333333,32.91497619047619,47.8568,2.110714285714286,1.3882857142857141,9.425571428571429,0.49999999999999994,0.8660254037844387,Winter,1045.6361,2.0,2008-02-11
2008-01-14,1157.027,35.44099047619048,48.10183333333334,2.759142857142858,1.0877142857142854,9.647714285714285,0.49999999999999994,0.8660254037844387,Winter,1030.6642333333332,1.0,2008-02-12
2008-01-15,1145.1612666666667,36.224604761904764,33.748866666666665,3.420571428571429,1.0958571428571426,9.568285714285716,0.49999999999999994,0.8660254037844387,Winter,1028.5903333333333,1.0,2008-02-13
2008-01-16,1143.9061666666666,37.75641904761905,44.781866666666666,3.218428571428572,1.5775714285714284,10.242428571428572,0.49999999999999994,0.8660254037844387,Winter,1010.5521666666666,1.0,2008-02-14
2008-01-17,1149.53,38.58359047619047,35.59753333333333,3.2184285714285714,2.0269999999999997,10.303571428571429,0.49999999999999994,0.8660254037844387,Winter,1008.3747666666667,1.0,2008-02-15
2008-01-18,1132.0148,37.817414285714285,26.2047,3.175571428571429,2.036285714285714,10.112857142857141,0.49999999999999994,0.8660254037844387,Winter,1021.2858666666666,1.0,2008-02-16
2008-01-19,1131.8637333333334,38.963057142857146,36.449799999999996,3.1431428571428577,2.1157142857142857,11.110857142857142,0.49999999999999994,0.8660254037844387,Winter,1017.0588666666666,1.0,2008-02-17
2008-01-20,1132.3728666666666,36.84138571428571,33.0051,2.7041428571428576,2.606142857142857,10.667857142857143,0.49999999999999994,0.8660254037844387,Winter,1009.2938333333334,1.0,2008-02-18
2008-01-21,1128.3360666666665,34.11342857142857,29.00613333333333,2.0284285714285715,2.611714285714285,10.033714285714284,0.49999999999999994,0.8660254037844387,Winter,1015.7362999999999,1.0,2008-02-19
2008-01-22,1115.7983,33.71834761904761,30.9833,1.1830000000000003,2.617,10.135,0.49999999999999994,0.8660254037844387,Winter,1022.3161666666666,1.0,2008-02-20
2008-01-23,1114.3978,32.856695238095234,38.7503,1.7384285714285714,2.725142857142857,9.140714285714285,0.49999999999999994,0.8660254037844387,Winter,1010.7967,1.0,2008-02-21
2008-01-24,1108.1388000000002,32.25301904761905,31.3718,1.7318571428571432,2.290428571428571,9.707571428571429,0.49999999999999994,0.8660254037844387,Winter,1008.3009666666667,1.0,2008-02-22
2008-01-25,1090.6397,32.426209523809526,27.417033333333332,1.7461428571428572,2.286142857142857,9.318714285714284,0.49999999999999994,0.8660254037844387,Winter,1011.4918333333333,3.0,2008-02-23
2008-01-26,1084.9659666666666,32.55208571428572,37.330933333333334,1.5984285714285718,2.511142857142857,8.808142857142856,0.49999999999999994,0.8660254037844387,Winter,995.2110333333334,3.0,2008-02-24
2008-01-27,1090.0124666666668,34.587042857142855,47.2498,1.941857142857143,1.6907142857142854,9.89257142857143,0.49999999999999994,0.8660254037844387,Winter,956.3693666666667,3.0,2008-02-25
2008-01-28,1077.8243666666665,36.11418095238095,39.6961,2.2204285714285716,2.1818571428571425,10.239285714285714,0.49999999999999994,0.8660254037844387,Winter,925.1252666666667,3.0,2008-02-26
2008-01-29,1061.3117,37.1837,38.46993333333333,2.383571428571429,2.1681428571428567,10.574285714285713,0.49999999999999994,0.8660254037844387,Winter,896.1006666666667,3.0,2008-02-27
2008-01-30,1063.2635,38.01942857142857,44.6004,1.928857142857143,1.962285714285714,11.077857142857141,0.49999999999999994,0.8660254037844387,Winter,859.9866666666666,3.0,2008-02-28
2008-01-31,1053.6652333333334,37.444042857142854,27.3441,1.7694285714285716,1.944285714285714,10.206714285714286,0.49999999999999994,0.8660254037844387,Winter,854.8650333333334,3.0,2008-02-29
2008-02-01,1040.2349666666667,38.179519047619046,32.56536666666667,1.777714285714286,1.9367142857142852,10.706999999999999,0.8660254037844386,0.5000000000000001,Winter,841.3309333333333,3.0,2008-03-01
2008-02-02,1038.4107333333334,36.500461904761906,25.577533333333335,1.8257142857142858,1.6308571428571426,10.111571428571429,0.8660254037844386,0.5000000000000001,Winter,835.1238333333333,3.0,2008-03-02
2008-02-03,1062.2495666666666,36.751533333333334,49.0073,2.0201428571428575,1.981285714285714,10.054428571428572,0.8660254037844386,0.5000000000000001,Winter,803.4590333333333,2.0,2008-03-03
2008-02-04,1058.7948333333334,36.04391904761905,34.7428,1.8192857142857146,2.069428571428571,10.209428571428571,0.8660254037844386,0.5000000000000001,Winter,796.5327333333333,2.0,2008-03-04
2008-02-05,1049.5430000000001,34.424733333333336,27.13563333333333,1.8220000000000005,2.0654285714285714,9.743571428571428,0.8660254037844386,0.5000000000000001,Winter,803.3505666666667,2.0,2008-03-05
2008-02-06,1060.3308666666667,33.94004761904762,41.2076,1.7664285714285717,2.294571428571428,10.120714285714286,0.8660254037844386,0.5000000000000001,Winter,803.8630999999999,2.0,2008-03-06
2008-02-07,1059.8929666666666,34.00884285714286,27.825666666666667,2.068428571428572,2.308142857142857,10.287428571428572,0.8660254037844386,0.5000000000000001,Winter,807.0867,2.0,2008-03-07
2008-02-08,1051.1389666666666,32.97167142857143,25.305166666666665,1.9020000000000004,2.312142857142857,10.094857142857142,0.8660254037844386,0.5000000000000001,Winter,819.2592,2.0,2008-03-08
2008-02-09,1053.8410333333334,33.9619380952381,32.5094,1.9882857142857144,2.5465714285714283,10.42657142857143,0.8660254037844386,0.5000000000000001,Winter,812.7574333333333,2.0,2008-03-09
2008-02-10,1057.3110333333334,31.966314285714283,35.03793333333333,1.3831428571428575,2.557142857142857,9.724714285714287,0.8660254037844386,0.5000000000000001,Winter,804.6976000000001,2.0,2008-03-10
2008-02-11,1065.2926333333332,32.20475714285714,36.411899999999996,1.417857142857143,2.3457142857142856,9.964142857142859,0.8660254037844386,0.5000000000000001,Winter,804.9530666666667,2.0,2008-03-11
2008-02-12,1045.6361,32.35684761904762,28.200266666666668,1.3974285714285717,2.3521428571428564,9.878285714285713,0.8660254037844386,0.5000000000000001,Winter,806.3233333333334,2.0,2008-03-12
2008-02-13,1030.6642333333332,31.202899999999996,33.12996666666667,1.5275714285714288,1.5025714285714284,9.652714285714286,0.8660254037844386,0.5000000000000001,Winter,801.1185999999999,2.0,2008-03-13
2008-02-14,1028.5903333333333,31.7528,31.674966666666666,1.587,1.9681428571428567,9.529857142857143,0.8660254037844386,0.5000000000000001,Winter,806.2806333333333,2.0,2008-03-14
2008-02-15,1010.5521666666666,31.95830476190476,26.7437,1.7727142857142861,1.9675714285714283,9.702714285714285,0.8660254037844386,0.5000000000000001,Winter,805.8086000000001,2.0,2008-03-15
2008-02-16,1008.3747666666667,32.088409523809524,33.42013333333333,1.796857142857143,1.9392857142857143,10.253285714285713,0.8660254037844386,0.5000000000000001,Winter,802.4211333333333,2.0,2008-03-16
2008-02-17,1021.2858666666666,32.6709619047619,39.1158,1.6577142857142861,1.8709999999999998,10.439857142857145,0.8660254037844386,0.5000000000000001,Winter,791.7539666666667,2.0,2008-03-17
2008-02-18,1017.0588666666666,32.072519047619046,32.2228,1.7462857142857142,1.7712857142857141,9.857142857142858,0.8660254037844386,0.5000000000000001,Winter,791.4906000000001,2.0,2008-03-18
2008-02-19,1009.2938333333334,31.64963333333333,25.240066666666667,1.6008571428571432,1.7647142857142857,10.059285714285716,0.8660254037844386,0.5000000000000001,Winter,788.058,2.0,2008-03-19
2008-02-20,1015.7362999999999,31.980866666666664,35.448600000000006,1.5825714285714287,2.172571428571428,9.925285714285716,0.8660254037844386,0.5000000000000001,Winter,773.4973,2.0,2008-03-20
2008-02-21,1022.3161666666666,32.82203809523809,37.56316666666667,1.7432857142857148,2.444142857142857,9.944714285714285,0.8660254037844386,0.5000000000000001,Winter,770.3748333333333,2.0,2008-03-21
2008-02-22,1010.7967,32.89162857142857,27.230833333333333,1.5575714285714288,2.4464285714285716,9.833857142857143,0.8660254037844386,0.5000000000000001,Winter,777.3692666666667,2.0,2008-03-22
2008-02-23,1008.3009666666667,32.24247619047619,28.876066666666667,1.565857142857143,2.4838571428571425,9.360142857142858,0.8660254037844386,0.5000000000000001,Winter,787.2597,2.0,2008-03-23
2008-02-24,1011.4918333333333,31.027061904761904,30.607899999999997,1.6527142857142858,2.468142857142857,9.142285714285714,0.8660254037844386,0.5000000000000001,Winter,789.5896666666667,1.0,2008-03-24
2008-02-25,995.2110333333334,29.430966666666666,21.050133333333335,1.3058571428571428,2.193142857142857,9.913428571428572,0.8660254037844386,0.5000000000000001,Winter,802.1371333333333,1.0,2008-03-25
2008-02-26,956.3693666666667,27.026404761904764,8.408133333333334,1.305857142857143,2.203142857142857,8.700714285714286,0.8660254037844386,0.5000000000000001,Winter,820.9535333333332,1.0,2008-03-26
2008-02-27,925.1252666666667,23.169747619047623,8.452,1.0371428571428574,1.572285714285714,7.388285714285715,0.8660254037844386,0.5000000000000001,Winter,835.3485666666666,1.0,2008-03-27
2008-02-28,896.1006666666667,19.152914285714285,9.445333333333334,0.5150000000000002,0.8308571428571426,6.711857142857142,0.8660254037844386,0.5000000000000001,Winter,857.3269666666666,1.0,2008-03-28
2008-02-29,859.9866666666666,16.475138095238098,8.4864,0.5150000000000002,0.8271428571428567,5.784,0.8660254037844386,0.5000000000000001,Winter,890.0264000000001,1.0,2008-03-29
2008-03-01,854.8650333333334,15.524623809523808,22.222466666666666,0.3482857142857145,1.0825714285714283,5.492714285714285,1.0,6.123233995736766e-17,Spring,903.5771333333333,1.0,2008-03-30
2008-03-02,841.3309333333333,13.87081904761905,19.031266666666667,0.10771428571428597,0.9449999999999997,4.442714285714286,1.0,6.123233995736766e-17,Spring,907.5053666666666,1.0,2008-03-31
2008-03-03,835.1238333333333,13.630861904761906,19.370433333333335,0.0,1.6467142857142854,3.1738571428571425,1.0,6.123233995736766e-17,Spring,923.6191333333334,1.0,2008-04-01
2008-03-04,803.4590333333333,14.907200000000001,17.342499999999998,0.0,1.916142857142857,3.159428571428571,1.0,6.123233995736766e-17,Spring,934.4711666666667,1.0,2008-04-02
2008-03-05,796.5327333333333,17.673557142857142,27.8165,0.1784285714285717,2.223,4.216857142857143,1.0,6.123233995736766e-17,Spring,925.4672666666667,1.0,2008-04-03
2008-03-06,803.3505666666667,21.174719047619046,33.95346666666667,0.34200000000000025,3.5759999999999996,4.582571428571428,1.0,6.123233995736766e-17,Spring,918.7124333333333,1.0,2008-04-04
2008-03-07,803.8630999999999,25.92239523809524,41.72013333333334,0.49657142857142883,3.589,5.287857142857143,1.0,6.123233995736766e-17,Spring,909.8383333333334,1.0,2008-04-05
2008-03-08,807.0867,27.183366666666668,31.049266666666664,0.6730000000000003,3.5458571428571424,5.426571428571429,1.0,6.123233995736766e-17,Spring,907.0610333333334,1.0,2008-04-06
2008-03-09,819.2592,29.818566666666666,37.477666666666664,1.5710000000000002,3.4114285714285706,6.2424285714285705,1.0,6.123233995736766e-17,Spring,895.2306666666667,1.0,2008-04-07
2008-03-10,812.7574333333333,30.766738095238093,26.007633333333334,1.9434285714285717,2.7098571428571425,6.469571428571428,1.0,6.123233995736766e-17,Spring,913.5149666666666,1.0,2008-04-08
2008-03-11,804.6976000000001,32.14325238095238,26.978099999999998,2.2304285714285714,2.447142857142857,7.455999999999999,1.0,6.123233995736766e-17,Spring,906.8510666666666,1.0,2008-04-09
2008-03-12,804.9530666666667,33.4076619047619,36.667366666666666,2.233571428571429,2.6554285714285712,7.958999999999999,1.0,6.123233995736766e-17,Spring,894.8128,1.0,2008-04-10
2008-03-13,806.3233333333334,32.781528571428574,29.570533333333334,2.23,1.595,8.746571428571428,1.0,6.123233995736766e-17,Spring,896.5366666666666,1.0,2008-04-11
2008-03-14,801.1185999999999,30.81082857142857,27.92523333333333,2.541571428571429,2.0547142857142857,8.532142857142857,1.0,6.123233995736766e-17,Spring,915.2783333333334,1.0,2008-04-12
2008-03-15,806.2806333333333,31.637647619047616,36.836999999999996,2.5051428571428573,2.113285714285714,9.309714285714284,1.0,6.123233995736766e-17,Spring,915.6577666666667,1.0,2008-04-13
2008-03-16,805.8086000000001,30.036790476190475,26.271666666666665,1.9714285714285715,2.1355714285714282,8.949,1.0,6.123233995736766e-17,Spring,915.8791333333332,1.0,2008-04-14
2008-03-17,802.4211333333333,30.611795238095233,30.032666666666668,1.9410000000000005,2.1688571428571426,9.967714285714285,1.0,6.123233995736766e-17,Spring,913.6865666666666,1.0,2008-04-15
2008-03-18,791.7539666666667,30.821871428571427,28.448633333333337,1.687714285714286,3.066428571428571,10.065714285714288,1.0,6.123233995736766e-17,Spring,910.0556666666668,1.0,2008-04-16
2008-03-19,791.4906000000001,30.149309523809524,31.959433333333333,1.6712857142857145,3.083285714285714,10.009714285714285,1.0,6.123233995736766e-17,Spring,901.3606000000001,1.0,2008-04-17
2008-03-20,788.058,29.0403,21.807466666666667,1.812714285714286,2.8028571428571425,9.311428571428573,1.0,6.123233995736766e-17,Spring,910.5929666666666,1.0,2008-04-18
2008-03-21,773.4973,28.034966666666666,20.887900000000002,1.504714285714286,2.358285714285714,9.483714285714287,1.0,6.123233995736766e-17,Spring,927.2669,1.0,2008-04-19
2008-03-22,770.3748333333333,27.692638095238095,34.4407,1.6748571428571428,2.486428571428571,9.312142857142858,1.0,6.123233995736766e-17,Spring,922.6831666666667,1.0,2008-04-20
2008-03-23,777.3692666666667,28.828866666666666,34.22526666666667,1.7851428571428571,2.4987142857142857,10.24,1.0,6.123233995736766e-17,Spring,907.8605,1.0,2008-04-21
2008-03-24,787.2597,30.076557142857148,38.76649999999999,2.3401428571428573,2.7195714285714283,10.610285714285714,1.0,6.123233995736766e-17,Spring,896.2219333333334,1.0,2008-04-22
2008-03-25,789.5896666666667,30.717876190476186,32.937866666666665,2.468,2.6249999999999996,10.278857142857143,1.0,6.123233995736766e-17,Spring,885.9061999999999,0.0,2008-04-23
2008-03-26,802.1371333333333,30.9519,33.5976,2.6237142857142857,2.5761428571428566,10.41457142857143,1.0,6.123233995736766e-17,Spring,869.7048,0.0,2008-04-24
2008-03-27,820.9535333333332,31.725766666666665,27.224533333333333,2.6861428571428574,3.064714285714285,10.61357142857143,1.0,6.123233995736766e-17,Spring,863.6091666666667,0.0,2008-04-25
2008-03-28,835.3485666666666,32.00564285714285,22.847033333333336,2.528,3.047285714285714,10.94957142857143,1.0,6.123233995736766e-17,Spring,855.8149000000001,0.0,2008-04-26
2008-03-29,857.3269666666666,31.57464761904762,31.423733333333335,2.5500000000000003,2.8797142857142854,10.707571428571429,1.0,6.123233995736766e-17,Spring,841.1951666666666,0.0,2008-04-27
2008-03-30,890.0264000000001,32.56901428571428,41.185833333333335,2.811571428571429,2.849285714285714,11.398285714285715,1.0,6.123233995736766e-17,Spring,810.9935333333333,0.0,2008-04-28
2008-03-31,903.5771333333333,32.1414,35.773199999999996,2.6352857142857147,2.735428571428571,10.811285714285715,1.0,6.123233995736766e-17,Spring,808.0972666666667,0.0,2008-04-29
2008-04-01,907.5053666666666,30.71591904761905,22.9595,2.6295714285714284,1.9385714285714282,11.14857142857143,0.8660254037844387,-0.49999999999999983,Spring,803.4998666666667,0.0,2008-04-30
2008-04-02,923.6191333333334,30.985433333333333,35.4842,2.462857142857143,2.364285714285714,11.294428571428572,0.8660254037844387,-0.49999999999999983,Spring,777.6159,0.0,2008-05-01
2008-04-03,934.4711666666667,31.12400476190476,28.194533333333332,2.257,2.3418571428571426,11.357571428571429,0.8660254037844387,-0.49999999999999983,Spring,774.3841666666666,0.0,2008-05-02
2008-04-04,925.4672666666667,30.547657142857144,18.8126,2.257,2.3512857142857135,11.05457142857143,0.8660254037844387,-0.49999999999999983,Spring,777.0649,0.0,2008-05-03
2008-04-05,918.7124333333333,29.944071428571426,27.19863333333333,2.2295714285714285,1.9469999999999996,11.292428571428571,0.8660254037844387,-0.49999999999999983,Spring,774.3824333333333,0.0,2008-05-04
2008-04-06,909.8383333333334,28.752671428571425,32.84603333333333,1.911857142857143,2.018285714285714,10.778714285714287,0.8660254037844387,-0.49999999999999983,Spring,764.3186,0.0,2008-05-05
2008-04-07,907.0610333333334,27.68106666666667,28.271966666666668,1.3517142857142859,2.2039999999999997,10.462,0.8660254037844387,-0.49999999999999983,Spring,765.8796333333333,0.0,2008-05-06
2008-04-08,895.2306666666667,28.065038095238094,25.647299999999998,1.5415714285714288,2.241285714285714,10.473285714285714,0.8660254037844387,-0.49999999999999983,Spring,759.8367333333333,0.0,2008-05-07
2008-04-09,913.5149666666666,29.32328571428571,44.29193333333333,1.780571428571429,2.8207142857142853,10.90242857142857,0.8660254037844387,-0.49999999999999983,Spring,750.8231000000001,0.0,2008-05-08
2008-04-10,906.8510666666666,28.19752380952381,20.314200000000003,1.6225714285714286,2.3495714285714286,11.047285714285712,0.8660254037844387,-0.49999999999999983,Spring,759.6301,0.0,2008-05-09
2008-04-11,894.8128,29.02845238095238,24.6291,2.0884285714285715,2.354571428571428,10.993857142857141,0.8660254037844387,-0.49999999999999983,Spring,766.8198,0.0,2008-05-10
2008-04-12,896.5366666666666,29.613561904761905,31.2944,2.0411428571428574,2.3139999999999996,11.176142857142858,0.8660254037844387,-0.49999999999999983,Spring,762.3740666666666,0.0,2008-05-11
2008-04-13,915.2783333333334,31.58797142857143,46.666900000000005,2.633571428571429,2.546142857142857,11.402,0.8660254037844387,-0.49999999999999983,Spring,741.1105666666666,0.0,2008-05-12
2008-04-14,915.6577666666667,32.86575238095238,37.216433333333335,2.8378571428571426,3.0214285714285714,12.181285714285716,0.8660254037844387,-0.49999999999999983,Spring,728.5090333333334,0.0,2008-05-13
2008-04-15,915.8791333333332,32.98657142857143,26.493033333333333,2.492142857142857,2.9861428571428563,12.428571428571429,0.8660254037844387,-0.49999999999999983,Spring,728.4203666666667,0.0,2008-05-14
2008-04-16,913.6865666666666,30.636309523809526,27.8401,2.266714285714286,2.0268571428571427,11.336428571428572,0.8660254037844387,-0.49999999999999983,Spring,719.9597333333334,0.0,2008-05-15
2008-04-17,910.0556666666668,31.279671428571426,24.817733333333333,2.3864285714285716,2.0307142857142857,11.667714285714286,0.8660254037844387,-0.49999999999999983,Spring,722.6607666666666,2.0,2008-05-16
2008-04-18,901.3606000000001,31.084709523809522,23.264366666666668,2.1661428571428574,2.025,11.969285714285714,0.8660254037844387,-0.49999999999999983,Spring,727.0206333333333,2.0,2008-05-17
2008-04-19,910.5929666666666,31.04834285714286,31.039833333333334,2.2192857142857148,2.5022857142857142,11.454857142857142,0.8660254037844387,-0.49999999999999983,Spring,726.0467666666667,2.0,2008-05-18
2008-04-20,927.2669,29.74761904761905,37.56183333333333,1.8254285714285718,2.496285714285714,11.383,0.8660254037844387,-0.49999999999999983,Spring,705.6559666666667,2.0,2008-05-19
2008-04-21,922.6831666666667,28.69626666666667,29.856966666666665,1.6077142857142859,2.2965714285714283,11.010714285714284,0.8660254037844387,-0.49999999999999983,Spring,702.1545666666666,2.0,2008-05-20
2008-04-22,907.8605,27.68334761904762,19.4026,1.6077142857142859,2.6177142857142854,10.380857142857142,0.8660254037844387,-0.49999999999999983,Spring,704.8204999999999,2.0,2008-05-21
2008-04-23,896.2219333333334,27.581609523809526,27.12793333333333,1.578714285714286,2.7741428571428566,10.485,0.8660254037844387,-0.49999999999999983,Spring,693.9737,2.0,2008-05-22
2008-04-24,885.9061999999999,27.26795238095238,22.622133333333334,1.6561428571428574,2.786857142857143,10.068428571428571,0.8660254037844387,-0.49999999999999983,Spring,696.1001666666667,2.0,2008-05-23
2008-04-25,869.7048,26.429642857142856,17.3962,1.591,2.801857142857142,9.591,0.8660254037844387,-0.49999999999999983,Spring,705.0402333333334,2.0,2008-05-24
2008-04-26,863.6091666666667,25.013795238095238,21.128899999999998,1.3981428571428574,2.540714285714285,9.373714285714286,0.8660254037844387,-0.49999999999999983,Spring,718.0530666666666,2.0,2008-05-25
2008-04-27,855.8149000000001,21.798214285714284,15.052766666666667,0.7811428571428574,2.280285714285714,7.782857142857144,0.8660254037844387,-0.49999999999999983,Spring,724.4954666666666,2.0,2008-05-26
2008-04-28,841.1951666666666,19.93350476190476,16.804,0.7330000000000002,1.7151428571428569,7.081,0.8660254037844387,-0.49999999999999983,Spring,736.1698,2.0,2008-05-27
2008-04-29,810.9935333333333,18.730876190476188,10.9842,0.7330000000000002,1.4219999999999995,6.509285714285715,0.8660254037844387,-0.49999999999999983,Spring,743.7584666666667,2.0,2008-05-28
2008-04-30,808.0972666666667,19.552161904761906,32.876933333333334,0.7945714285714287,1.4674285714285713,6.4918571428571425,0.8660254037844387,-0.49999999999999983,Spring,729.7994666666666,2.0,2008-05-29
2008-05-01,803.4998666666667,18.943585714285714,18.362099999999998,0.7484285714285717,1.481428571428571,6.241428571428571,0.49999999999999994,-0.8660254037844387,Spring,734.7247666666667,2.0,2008-05-30
2008-05-02,777.6159,17.82987619047619,9.600233333333334,0.5680000000000003,1.4825714285714284,5.854285714285715,0.49999999999999994,-0.8660254037844387,Spring,752.4823666666667,2.0,2008-05-31
2008-05-03,774.3841666666666,18.37757619047619,24.9628,0.8951428571428574,1.2797142857142856,5.752428571428571,0.49999999999999994,-0.8660254037844387,Spring,758.3341666666666,2.0,2008-06-01
2008-05-04,777.0649,19.29765714285714,21.493333333333332,1.0374285714285718,1.2664285714285712,6.1737142857142855,0.49999999999999994,-0.8660254037844387,Spring,754.7410333333333,2.0,2008-06-02
2008-05-05,774.3824333333333,20.399395238095234,24.516166666666667,1.2521428571428574,1.5927142857142853,6.170285714285714,0.49999999999999994,-0.8660254037844387,Spring,756.8551333333334,2.0,2008-06-03
2008-05-06,764.3186,22.08482380952381,22.7822,1.3961428571428576,1.5579999999999998,7.228999999999999,0.49999999999999994,-0.8660254037844387,Spring,760.5548,2.0,2008-06-04
2008-05-07,765.8796333333333,21.649976190476192,29.833000000000002,1.3892857142857145,1.5578571428571426,7.474571428571428,0.49999999999999994,-0.8660254037844387,Spring,749.3897666666666,2.0,2008-06-05
2008-05-08,759.8367333333333,21.82744761904762,19.6044,1.3854285714285717,1.5339999999999996,7.473999999999999,0.49999999999999994,-0.8660254037844387,Spring,750.0806,2.0,2008-06-06
2008-05-09,750.8231000000001,25.495742857142854,35.278299999999994,1.9092857142857145,1.5585714285714285,8.921285714285714,0.49999999999999994,-0.8660254037844387,Spring,746.1770333333334,2.0,2008-06-07
2008-05-10,759.6301,26.089799999999997,29.121199999999998,1.7828571428571431,1.5355714285714281,9.380857142857142,0.49999999999999994,-0.8660254037844387,Spring,742.7612,2.0,2008-06-08
2008-05-11,766.8198,27.564866666666667,31.8188,2.6334285714285715,1.5457142857142856,10.120714285714286,0.49999999999999994,-0.8660254037844387,Spring,733.0373666666667,2.0,2008-06-09
2008-05-12,762.3740666666666,27.89808095238095,26.848666666666666,2.4001428571428574,1.3268571428571427,10.330142857142857,0.49999999999999994,-0.8660254037844387,Spring,723.9735333333333,2.0,2008-06-10
2008-05-13,741.1105666666666,28.272538095238094,25.403399999999998,2.5535714285714284,1.4278571428571425,10.581857142857142,0.49999999999999994,-0.8660254037844387,Spring,717.2902333333333,2.0,2008-06-11
2008-05-14,728.5090333333334,27.527095238095235,24.6149,2.4777142857142858,1.239142857142857,10.034714285714285,0.49999999999999994,-0.8660254037844387,Spring,713.6641999999999,2.0,2008-06-12
2008-05-15,728.4203666666667,28.498519047619045,26.404366666666665,2.683,1.6695714285714283,10.472857142857142,0.49999999999999994,-0.8660254037844387,Spring,718.5115,3.0,2008-06-13
2008-05-16,719.9597333333334,26.227257142857137,19.379466666666666,2.2831428571428574,1.6507142857142854,9.63042857142857,0.49999999999999994,-0.8660254037844387,Spring,722.2140333333333,3.0,2008-06-14
2008-05-17,722.6607666666666,25.998338095238093,27.518766666666668,2.2830000000000004,1.957285714285714,9.209428571428573,0.49999999999999994,-0.8660254037844387,Spring,732.8469666666666,1.0,2008-06-15
2008-05-18,727.0206333333333,25.399114285714283,27.624233333333333,1.5984285714285718,2.003428571428571,9.317714285714285,0.49999999999999994,-0.8660254037844387,Spring,726.9401333333333,1.0,2008-06-16
2008-05-19,726.0467666666667,25.85872857142857,30.065966666666668,1.7715714285714288,2.5769999999999995,9.56,0.49999999999999994,-0.8660254037844387,Spring,715.9589,1.0,2008-06-17
2008-05-20,705.6559666666667,24.68267619047619,17.171033333333334,1.6190000000000002,2.5017142857142853,8.923428571428571,0.49999999999999994,-0.8660254037844387,Spring,730.348,1.0,2008-06-18
2008-05-21,702.1545666666666,24.931342857142855,26.355566666666668,1.6945714285714288,2.2648571428571427,9.438714285714285,0.49999999999999994,-0.8660254037844387,Spring,730.4604666666667,1.0,2008-06-19
2008-05-22,704.8204999999999,24.311938095238098,22.068533333333335,1.6262857142857146,1.8417142857142856,9.372285714285713,0.49999999999999994,-0.8660254037844387,Spring,736.327,1.0,2008-06-20
2008-05-23,693.9737,23.86931904761905,16.281133333333333,1.6445714285714288,1.823142857142857,9.322999999999999,0.49999999999999994,-0.8660254037844387,Spring,748.9501,1.0,2008-06-21
2008-05-24,696.1001666666667,23.473580952380953,24.7486,1.3262857142857147,1.6547142857142856,10.148285714285715,0.49999999999999994,-0.8660254037844387,Spring,750.3084333333333,1.0,2008-06-22
2008-05-25,705.0402333333334,23.289585714285717,26.336266666666667,1.164714285714286,1.6024285714285713,10.199857142857143,0.49999999999999994,-0.8660254037844387,Spring,744.8354333333333,1.0,2008-06-23
2008-05-26,718.0530666666666,23.871838095238097,34.141733333333335,1.5264285714285717,2.096142857142857,9.827,0.49999999999999994,-0.8660254037844387,Spring,739.9345666666667,1.0,2008-06-24
2008-05-27,724.4954666666666,24.48957142857143,21.495166666666666,1.5222857142857147,2.111571428571428,10.081428571428573,0.49999999999999994,-0.8660254037844387,Spring,739.4689,1.0,2008-06-25
2008-05-28,736.1698,24.79282380952381,28.478333333333335,1.3291428571428574,2.5288571428571425,10.010142857142856,0.49999999999999994,-0.8660254037844387,Spring,728.5908999999999,1.0,2008-06-26
2008-05-29,743.7584666666667,24.293442857142857,18.572866666666666,1.4932857142857145,2.5342857142857143,9.647,0.49999999999999994,-0.8660254037844387,Spring,739.2705666666667,1.0,2008-06-27
2008-05-30,729.7994666666666,24.67012857142857,18.917933333333334,1.4944285714285717,2.5438571428571426,9.965285714285715,0.49999999999999994,-0.8660254037844387,Spring,740.4993000000001,1.0,2008-06-28
2008-05-31,734.7247666666667,24.461385714285715,23.287399999999998,1.4944285714285717,2.7765714285714287,9.474428571428572,0.49999999999999994,-0.8660254037844387,Spring,729.7011,1.0,2008-06-29
2008-06-01,752.4823666666667,24.60732380952381,27.357833333333335,1.599714285714286,3.027857142857143,9.335142857142857,1.2246467991473532e-16,-1.0,Summer,715.7465333333333,1.0,2008-06-30
2008-06-02,758.3341666666666,24.13201904761905,30.8146,1.256714285714286,1.8469999999999998,10.091,1.2246467991473532e-16,-1.0,Summer,705.1859333333333,1.0,2008-07-01
2008-06-03,754.7410333333333,23.61845238095238,17.900199999999998,1.2531428571428573,1.8315714285714282,9.67057142857143,1.2246467991473532e-16,-1.0,Summer,706.4057666666666,1.0,2008-07-02
2008-06-04,756.8551333333334,23.354442857142857,26.630266666666667,1.667,1.4395714285714283,9.35442857142857,1.2246467991473532e-16,-1.0,Summer,698.0815,1.0,2008-07-03
2008-06-05,760.5548,24.484299999999998,26.48186666666667,1.4401428571428574,2.463857142857143,9.325714285714286,1.2246467991473532e-16,-1.0,Summer,687.2999666666667,1.0,2008-07-04
2008-06-06,749.3897666666666,24.448590476190475,18.667966666666665,1.5462857142857145,2.4637142857142855,9.336857142857143,1.2246467991473532e-16,-1.0,Summer,693.1168,1.0,2008-07-05
2008-06-07,750.0806,24.021138095238094,20.295233333333332,1.6904285714285716,2.1047142857142855,8.847285714285714,1.2246467991473532e-16,-1.0,Summer,702.9059666666667,1.0,2008-07-06
2008-06-08,746.1770333333334,24.59498095238095,31.37473333333333,1.7782857142857147,2.145142857142857,9.238000000000001,1.2246467991473532e-16,-1.0,Summer,687.9210666666667,1.0,2008-07-07
2008-06-09,742.7612,23.865090476190478,25.705366666666666,1.8682857142857145,2.5188571428571427,9.013,1.2246467991473532e-16,-1.0,Summer,680.9859333333333,1.0,2008-07-08
2008-06-10,733.0373666666667,24.46434285714286,22.094966666666668,2.0121428571428575,2.7369999999999997,9.238714285714286,1.2246467991473532e-16,-1.0,Summer,674.2129333333334,1.0,2008-07-09
2008-06-11,723.9735333333333,23.200709523809525,17.78483333333333,1.7278571428571432,2.448,9.199714285714284,1.2246467991473532e-16,-1.0,Summer,677.2827000000001,1.0,2008-07-10
2008-06-12,717.2902333333333,22.091885714285716,18.7201,1.6460000000000004,1.4708571428571424,9.350857142857143,1.2246467991473532e-16,-1.0,Summer,679.4662000000001,1.0,2008-07-11
2008-06-13,713.6641999999999,22.423442857142856,20.98886666666667,1.6751428571428575,1.4795714285714283,9.131571428571428,1.2246467991473532e-16,-1.0,Summer,680.6248666666667,1.0,2008-07-12
2008-06-14,718.5115,23.98864761904762,31.251666666666665,1.9322857142857146,2.4584285714285707,9.511571428571429,1.2246467991473532e-16,-1.0,Summer,670.2837666666667,2.0,2008-07-13
2008-06-15,722.2140333333333,22.80397142857143,23.082,1.8584285714285718,2.2298571428571425,8.952714285714286,1.2246467991473532e-16,-1.0,Summer,666.1672,2.0,2008-07-14
2008-06-16,732.8469666666666,24.58201904761905,38.1517,2.420571428571429,2.7499999999999996,9.218000000000002,1.2246467991473532e-16,-1.0,Summer,647.2798333333334,2.0,2008-07-15
2008-06-17,726.9401333333333,24.52808095238095,21.7174,2.4224285714285716,2.5184285714285712,9.516714285714286,1.2246467991473532e-16,-1.0,Summer,643.5134666666667,2.0,2008-07-16
2008-06-18,715.9589,24.71378095238095,19.084733333333336,2.4471428571428575,2.4965714285714284,9.674142857142856,1.2246467991473532e-16,-1.0,Summer,646.4141,2.0,2008-07-17
2008-06-19,730.348,26.54807142857143,31.560133333333333,3.386,2.810571428571428,10.405714285714286,1.2246467991473532e-16,-1.0,Summer,635.8803666666668,2.0,2008-07-18
2008-06-20,730.4604666666667,27.330809523809524,26.46803333333333,3.5945714285714288,2.9458571428571423,10.929285714285713,1.2246467991473532e-16,-1.0,Summer,631.8125666666667,2.0,2008-07-19
2008-06-21,736.327,26.857009523809523,27.935066666666668,3.6144285714285718,2.3139999999999996,11.198714285714285,1.2246467991473532e-16,-1.0,Summer,619.5697333333334,2.0,2008-07-20
2008-06-22,748.9501,27.688757142857146,28.90423333333333,3.482714285714286,3.0014285714285713,11.50542857142857,1.2246467991473532e-16,-1.0,Summer,609.9401333333333,2.0,2008-07-21
2008-06-23,750.3084333333333,25.96807619047619,26.106933333333334,3.2304285714285714,2.1975714285714285,11.371571428571428,1.2246467991473532e-16,-1.0,Summer,596.1705666666667,2.0,2008-07-22
2008-06-24,744.8354333333333,25.846057142857145,20.863266666666668,3.319,2.214285714285714,11.387571428571428,1.2246467991473532e-16,-1.0,Summer,591.0178,2.0,2008-07-23
2008-06-25,739.9345666666667,27.29693333333333,29.240866666666665,3.561714285714286,2.651,11.984285714285715,1.2246467991473532e-16,-1.0,Summer,580.0011,2.0,2008-07-24
2008-06-26,739.4689,25.79255714285714,21.0295,2.879428571428572,2.2979999999999996,11.515,1.2246467991473532e-16,-1.0,Summer,573.3971666666666,2.0,2008-07-25
2008-06-27,728.5908999999999,24.52574285714286,17.60033333333333,2.5237142857142856,2.1634285714285713,11.237857142857143,1.2246467991473532e-16,-1.0,Summer,569.3915666666667,2.0,2008-07-26
2008-06-28,739.2705666666667,24.71395238095238,29.252533333333336,2.696714285714286,2.0829999999999997,10.915857142857144,1.2246467991473532e-16,-1.0,Summer,559.2623,2.0,2008-07-27
2008-06-29,740.4993000000001,23.462871428571425,20.146666666666665,2.5624285714285717,1.5368571428571427,10.21642857142857,1.2246467991473532e-16,-1.0,Summer,552.8790333333333,2.0,2008-07-28
2008-06-30,729.7011,21.517480952380954,12.4892,2.0267142857142857,1.4454285714285713,9.251285714285714,1.2246467991473532e-16,-1.0,Summer,559.8324666666666,2.0,2008-07-29
2008-07-01,715.7465333333333,20.451766666666664,13.403266666666667,1.6552857142857145,1.4368571428571428,8.779142857142858,-0.4999999999999998,-0.8660254037844388,Summer,568.0943333333333,2.0,2008-07-30
2008-07-02,705.1859333333333,19.167928571428572,20.254,1.7532857142857148,1.022285714285714,7.939000000000001,-0.4999999999999998,-0.8660254037844388,Summer,571.0509666666667,2.0,2008-07-31
2008-07-03,706.4057666666666,18.895147619047616,19.120033333333332,1.494571428571429,1.0338571428571426,7.5961428571428575,-0.4999999999999998,-0.8660254037844388,Summer,564.2572,2.0,2008-08-01
2008-07-04,698.0815,18.995957142857144,18.305999999999997,1.4998571428571432,1.319142857142857,7.373142857142858,-0.4999999999999998,-0.8660254037844388,Summer,554.3808,2.0,2008-08-02
2008-07-05,687.2999666666667,17.05992857142857,15.700333333333333,0.9057142857142859,1.0644285714285713,7.107285714285715,-0.4999999999999998,-0.8660254037844388,Summer,547.0935,2.0,2008-08-03
2008-07-06,693.1168,17.679661904761904,24.4848,1.1735714285714287,1.7435714285714283,7.169142857142857,-0.4999999999999998,-0.8660254037844388,Summer,541.3841666666667,3.0,2008-08-04
2008-07-07,702.9059666666667,20.193261904761904,30.084400000000002,1.6454285714285715,2.414285714285714,7.689142857142857,-0.4999999999999998,-0.8660254037844388,Summer,525.0850666666666,3.0,2008-08-05
2008-07-08,687.9210666666667,20.619914285714287,16.389833333333332,1.9555714285714287,2.424428571428571,7.736285714285714,-0.4999999999999998,-0.8660254037844388,Summer,514.1304333333334,3.0,2008-08-06
2008-07-09,680.9859333333333,20.407947619047615,18.770233333333334,1.6021428571428573,2.412428571428571,7.622285714285714,-0.4999999999999998,-0.8660254037844388,Summer,500.9416,3.0,2008-08-07
2008-07-10,674.2129333333334,19.865366666666667,15.321966666666667,1.600571428571429,2.390857142857143,7.672285714285715,-0.4999999999999998,-0.8660254037844388,Summer,490.6563,3.0,2008-08-08
2008-07-11,677.2827000000001,20.22945238095238,20.8546,1.6040000000000003,2.1027142857142858,7.783142857142857,-0.4999999999999998,-0.8660254037844388,Summer,475.7837666666667,3.0,2008-08-09
2008-07-12,679.4662000000001,20.972776190476193,20.903599999999997,1.7074285714285717,2.0982857142857143,7.9187142857142865,-0.4999999999999998,-0.8660254037844388,Summer,460.74736666666666,3.0,2008-08-10
2008-07-13,680.6248666666667,20.638880952380955,22.147533333333335,2.0732857142857144,1.5072857142857141,7.756714285714286,-0.4999999999999998,-0.8660254037844388,Summer,444.7984333333333,3.0,2008-08-11
2008-07-14,670.2837666666667,19.328333333333337,20.910566666666668,1.703714285714286,1.212142857142857,7.688142857142857,-0.4999999999999998,-0.8660254037844388,Summer,428.7042666666667,1.0,2008-08-12
2008-07-15,666.1672,19.69627619047619,18.965433333333333,1.7598571428571432,1.4125714285714284,7.586285714285714,-0.4999999999999998,-0.8660254037844388,Summer,414.44856666666664,1.0,2008-08-13
2008-07-16,647.2798333333334,19.766861904761903,19.264333333333333,1.756571428571429,1.4195714285714285,7.728142857142857,-0.4999999999999998,-0.8660254037844388,Summer,399.68853333333334,1.0,2008-08-14
2008-07-17,643.5134666666667,20.142442857142857,17.95103333333333,1.8402857142857145,1.748142857142857,7.389000000000001,-0.4999999999999998,-0.8660254037844388,Summer,386.2984,1.0,2008-08-15
2008-07-18,646.4141,20.30398095238095,21.985366666666668,1.8602857142857145,1.7725714285714285,7.4024285714285725,-0.4999999999999998,-0.8660254037844388,Summer,368.8932666666667,1.0,2008-08-16
2008-07-19,635.8803666666668,20.321523809523814,21.026400000000002,1.9201428571428576,1.7717142857142856,7.403714285714286,-0.4999999999999998,-0.8660254037844388,Summer,352.4468,1.0,2008-08-17
2008-07-20,631.8125666666667,20.35762380952381,22.400233333333333,1.7065714285714289,1.847285714285714,7.4672857142857145,-0.4999999999999998,-0.8660254037844388,Summer,334.6092,1.0,2008-08-18
2008-07-21,619.5697333333334,19.61214761904762,15.692233333333332,1.745428571428572,1.5489999999999997,7.238857142857142,-0.4999999999999998,-0.8660254037844388,Summer,323.49516666666665,1.0,2008-08-19
2008-07-22,609.9401333333333,19.656319047619046,19.274633333333334,1.621714285714286,1.3255714285714284,7.632142857142857,-0.4999999999999998,-0.8660254037844388,Summer,308.69506666666666,1.0,2008-08-20
2008-07-23,596.1705666666667,18.66675238095238,12.337366666666666,1.4834285714285715,1.3081428571428568,7.103714285714285,-0.4999999999999998,-0.8660254037844388,Summer,300.7126666666666,1.0,2008-08-21
2008-07-24,591.0178,18.34667619047619,15.7105,1.4400000000000002,0.973142857142857,7.296142857142857,-0.4999999999999998,-0.8660254037844388,Summer,289.4542333333333,1.0,2008-08-22
2008-07-25,580.0011,17.809361904761904,18.22416666666667,1.3992857142857145,0.9378571428571426,7.305285714285715,-0.4999999999999998,-0.8660254037844388,Summer,275.47409999999996,1.0,2008-08-23
2008-07-26,573.3971666666666,16.866385714285716,14.425566666666667,1.4028571428571428,0.929285714285714,6.944,-0.4999999999999998,-0.8660254037844388,Summer,265.2938,1.0,2008-08-24
2008-07-27,569.3915666666667,15.608457142857143,13.594733333333332,0.982714285714286,0.6152857142857141,6.739285714285715,-0.4999999999999998,-0.8660254037844388,Summer,255.8707,1.0,2008-08-25
2008-07-28,559.2623,16.098604761904763,19.123266666666666,0.8570000000000002,0.5841428571428569,7.157571428571429,-0.4999999999999998,-0.8660254037844388,Summer,241.04016666666666,1.0,2008-08-26
2008-07-29,552.8790333333333,15.311285714285715,13.763399999999999,0.6144285714285717,0.595285714285714,6.696714285714286,-0.4999999999999998,-0.8660254037844388,Summer,231.57866666666666,1.0,2008-08-27
2008-07-30,559.8324666666666,16.32632380952381,19.442633333333333,0.8388571428571431,0.6095714285714283,6.827571428571429,-0.4999999999999998,-0.8660254037844388,Summer,216.6068,1.0,2008-08-28
2008-07-31,568.0943333333333,17.176985714285713,21.665133333333333,1.026714285714286,0.6551428571428569,6.820857142857142,-0.4999999999999998,-0.8660254037844388,Summer,199.40146666666666,1.0,2008-08-29
2008-08-01,571.0509666666667,17.889338095238095,23.21063333333333,1.1261428571428573,0.9882857142857139,6.7128571428571435,-0.8660254037844384,-0.5000000000000004,Summer,180.6979,1.0,2008-08-30
2008-08-02,564.2572,17.589438095238094,12.326266666666667,1.0430000000000004,1.082285714285714,6.478571428571429,-0.8660254037844384,-0.5000000000000004,Summer,193.41383333333334,2.0,2008-08-31
2008-08-03,554.3808,16.8515619047619,8.4296,1.0430000000000004,1.0188571428571425,6.13,-0.8660254037844384,-0.5000000000000004,Summer,205.77606666666668,2.0,2008-09-01
2008-08-04,547.0935,15.321528571428571,8.413033333333333,0.8911428571428575,0.9675714285714283,5.493,-0.8660254037844384,-0.5000000000000004,Summer,220.43226666666666,2.0,2008-09-02
2008-08-05,541.3841666666667,16.037538095238094,18.775466666666667,0.9762857142857145,1.5629999999999995,5.271285714285715,-0.8660254037844384,-0.5000000000000004,Summer,224.79823333333334,1.0,2008-09-03
2008-08-06,525.0850666666666,15.22934761904762,13.785300000000001,0.8425714285714289,1.5599999999999998,5.4592857142857145,-0.8660254037844384,-0.5000000000000004,Summer,231.43326666666667,1.0,2008-09-04
2008-08-07,514.1304333333334,12.910785714285714,5.4352,0.47857142857142876,1.5228571428571427,4.878857142857143,-0.8660254037844384,-0.5000000000000004,Summer,240.56406666666666,1.0,2008-09-05
2008-08-08,500.9416,10.39232380952381,5.5814,0.25957142857142884,1.1968571428571426,4.131571428571428,-0.8660254037844384,-0.5000000000000004,Summer,266.12556666666666,1.0,2008-09-06
2008-08-09,490.6563,9.35095238095238,5.036666666666666,0.1758571428571431,1.101285714285714,3.687142857142857,-0.8660254037844384,-0.5000000000000004,Summer,283.9665,1.0,2008-09-07
2008-08-10,475.7837666666667,9.00130476190476,5.982066666666666,0.1758571428571431,1.099142857142857,3.4155714285714285,-0.8660254037844384,-0.5000000000000004,Summer,299.8065,1.0,2008-09-08
2008-08-11,460.74736666666666,8.637614285714287,5.8671999999999995,0.1758571428571431,1.0941428571428569,3.1268571428571432,-0.8660254037844384,-0.5000000000000004,Summer,313.26686666666666,1.0,2008-09-09
2008-08-12,444.7984333333333,6.840919047619048,6.1986,0.09071428571428597,0.4958571428571426,2.765285714285714,-0.8660254037844384,-0.5000000000000004,Summer,328.74766666666665,1.0,2008-09-10
2008-08-13,428.7042666666667,5.5596476190476185,4.8164,0.0,0.48914285714285693,2.011857142857143,-0.8660254037844384,-0.5000000000000004,Summer,341.0765,1.0,2008-09-11
2008-08-14,414.44856666666664,5.456009523809523,4.709733333333333,0.0,0.48028571428571404,1.951,-0.8660254037844384,-0.5000000000000004,Summer,359.57946666666663,1.0,2008-09-12
2008-08-15,399.68853333333334,5.302138095238094,4.5043,0.0,0.4681428571428569,1.8487142857142855,-0.8660254037844384,-0.5000000000000004,Summer,382.26576666666665,1.0,2008-09-13
2008-08-16,386.2984,5.234171428571429,4.5609,0.0,0.4621428571428569,1.8074285714285714,-0.8660254037844384,-0.5000000000000004,Summer,403.97696666666667,1.0,2008-09-14
2008-08-17,368.8932666666667,5.033909523809524,4.580233333333334,0.0,0.4554285714285712,1.776857142857143,-0.8660254037844384,-0.5000000000000004,Summer,427.69186666666667,1.0,2008-09-15
2008-08-18,352.4468,4.850014285714286,4.579933333333333,0.0,0.45271428571428546,1.749,-0.8660254037844384,-0.5000000000000004,Summer,443.47630000000004,1.0,2008-09-16
2008-08-19,334.6092,4.616304761904762,4.562633333333333,0.0,0.44571428571428545,1.7260000000000002,-0.8660254037844384,-0.5000000000000004,Summer,464.23383333333334,1.0,2008-09-17
2008-08-20,323.49516666666665,4.582276190476191,4.5782,0.0,0.4428571428571426,1.705,-0.8660254037844384,-0.5000000000000004,Summer,484.74379999999996,1.0,2008-09-18
2008-08-21,308.69506666666666,4.548676190476191,4.474533333333333,0.0,0.44085714285714267,1.6817142857142857,-0.8660254037844384,-0.5000000000000004,Summer,505.5833666666666,1.0,2008-09-19
2008-08-22,300.7126666666666,4.527342857142857,4.354966666666667,0.0,0.43957142857142834,1.6725714285714286,-0.8660254037844384,-0.5000000000000004,Summer,522.9717333333333,1.0,2008-09-20
2008-08-23,289.4542333333333,4.511795238095238,4.452066666666667,0.0,0.4394285714285711,1.6615714285714287,-0.8660254037844384,-0.5000000000000004,Summer,544.0708333333333,1.0,2008-09-21
2008-08-24,275.47409999999996,4.463766666666666,4.244033333333333,0.0,0.4361428571428569,1.6325714285714283,-0.8660254037844384,-0.5000000000000004,Summer,562.4695333333333,1.0,2008-09-22
2008-08-25,265.2938,4.415957142857143,4.245266666666667,0.0,0.43028571428571405,1.6058571428571429,-0.8660254037844384,-0.5000000000000004,Summer,578.7707333333333,1.0,2008-09-23
2008-08-26,255.8707,4.3601,4.171633333333333,0.0,0.42771428571428544,1.5654285714285712,-0.8660254037844384,-0.5000000000000004,Summer,603.2382666666667,1.0,2008-09-24
2008-08-27,241.04016666666666,4.3193190476190475,4.2927333333333335,0.0,0.4245714285714283,1.542,-0.8660254037844384,-0.5000000000000004,Summer,617.7992,1.0,2008-09-25
2008-08-28,231.57866666666666,4.294657142857143,4.3019,0.0,0.4191428571428569,1.5295714285714286,-0.8660254037844384,-0.5000000000000004,Summer,637.3548,1.0,2008-09-26
2008-08-29,216.6068,4.3112,4.470766666666666,0.0,0.41914285714285693,1.5372857142857144,-0.8660254037844384,-0.5000000000000004,Summer,668.3414666666666,1.0,2008-09-27
2008-08-30,199.40146666666666,4.312304761904762,4.4598,0.0,0.41799999999999976,1.5351428571428571,-0.8660254037844384,-0.5000000000000004,Summer,692.7334,1.0,2008-09-28
2008-08-31,180.6979,4.3498809523809525,4.507066666666666,0.0,0.42028571428571404,1.5542857142857145,-0.8660254037844384,-0.5000000000000004,Summer,713.2553,1.0,2008-09-29
2008-09-01,193.41383333333334,7.3208714285714285,25.042199999999998,0.293714285714286,0.8958571428571426,3.0704285714285713,-1.0,-1.8369701987210297e-16,Autumn,711.1298666666667,0.0,2008-09-30
2008-09-02,205.77606666666668,9.695185714285714,20.791833333333333,0.4294285714285717,0.9099999999999998,4.319999999999999,-1.0,-1.8369701987210297e-16,Autumn,721.5441000000001,0.0,2008-10-01
2008-09-03,220.43226666666666,12.377542857142856,23.069233333333333,1.039857142857143,1.022285714285714,5.050714285714286,-1.0,-1.8369701987210297e-16,Autumn,720.8972333333334,0.0,2008-10-02
2008-09-04,224.79823333333334,15.068904761904761,23.141433333333335,1.2292857142857145,1.2369999999999999,6.289857142857143,-1.0,-1.8369701987210297e-16,Autumn,724.6321333333333,0.0,2008-10-03
2008-09-05,231.43326666666667,17.347414285714287,20.420333333333335,1.5471428571428574,1.2329999999999999,7.400857142857142,-1.0,-1.8369701987210297e-16,Autumn,739.2200666666668,0.0,2008-10-04
2008-09-06,240.56406666666666,18.79115714285714,14.566,1.6012857142857144,1.2331428571428569,8.164285714285715,-1.0,-1.8369701987210297e-16,Autumn,750.4865666666667,0.0,2008-10-05
2008-09-07,266.12556666666666,22.596276190476193,31.1429,2.0224285714285717,2.099571428571428,9.847285714285714,-1.0,-1.8369701987210297e-16,Autumn,743.0733666666666,0.0,2008-10-06
2008-09-08,283.9665,22.28704761904762,22.877599999999997,2.244714285714286,1.810142857142857,8.967285714285714,-1.0,-1.8369701987210297e-16,Autumn,748.9719,0.0,2008-10-07
2008-09-09,299.8065,22.43422380952381,21.822066666666668,2.2157142857142857,2.063285714285714,8.878142857142857,-1.0,-1.8369701987210297e-16,Autumn,758.1594333333334,0.0,2008-10-08
2008-09-10,313.26686666666666,21.8997,19.327566666666666,1.6390000000000005,1.9557142857142853,9.032428571428571,-1.0,-1.8369701987210297e-16,Autumn,771.8932333333335,0.0,2008-10-09
2008-09-11,328.74766666666665,21.690838095238096,21.679399999999998,1.593714285714286,1.7409999999999997,9.042142857142858,-1.0,-1.8369701987210297e-16,Autumn,775.5194666666666,0.0,2008-10-10
2008-09-12,341.0765,21.222966666666668,17.145233333333334,1.4194285714285717,1.7428571428571424,8.790142857142857,-1.0,-1.8369701987210297e-16,Autumn,786.1973333333333,0.0,2008-10-11
2008-09-13,359.57946666666663,22.458209523809522,23.212699999999998,1.6320000000000003,1.7387142857142854,9.04657142857143,-1.0,-1.8369701987210297e-16,Autumn,794.7836333333333,0.0,2008-10-12
2008-09-14,382.26576666666665,21.893595238095237,27.1906,1.343714285714286,1.586285714285714,8.819,-1.0,-1.8369701987210297e-16,Autumn,791.9593000000001,0.0,2008-10-13
2008-09-15,403.97696666666667,22.37852380952381,26.272100000000002,1.4952857142857146,1.4059999999999995,8.899285714285714,-1.0,-1.8369701987210297e-16,Autumn,792.5048,0.0,2008-10-14
2008-09-16,427.69186666666667,23.303247619047617,28.295133333333336,1.525714285714286,1.1304285714285711,9.008285714285714,-1.0,-1.8369701987210297e-16,Autumn,800.1579333333333,0.0,2008-10-15
2008-09-17,443.47630000000004,23.451361904761907,20.36436666666667,1.4920000000000002,1.1182857142857139,9.082714285714285,-1.0,-1.8369701987210297e-16,Autumn,806.1882333333334,0.0,2008-10-16
2008-09-18,464.23383333333334,23.97147142857143,25.32016666666667,1.620714285714286,1.5937142857142856,8.952714285714285,-1.0,-1.8369701987210297e-16,Autumn,811.9828333333332,0.0,2008-10-17
2008-09-19,484.74379999999996,25.10617619047619,25.088166666666666,2.077428571428572,1.585142857142857,9.002285714285716,-1.0,-1.8369701987210297e-16,Autumn,824.2144999999999,0.0,2008-10-18
2008-09-20,505.5833666666666,25.40637619047619,25.3141,2.0348571428571427,1.5778571428571426,9.520714285714288,-1.0,-1.8369701987210297e-16,Autumn,831.7659666666667,0.0,2008-10-19
2008-09-21,522.9717333333333,24.628195238095238,21.743333333333332,1.902,0.8545714285714283,9.616428571428571,-1.0,-1.8369701987210297e-16,Autumn,837.8152,0.0,2008-10-20
2008-09-22,544.0708333333333,24.525204761904764,25.551166666666667,1.8072857142857148,1.1311428571428568,9.874857142857143,-1.0,-1.8369701987210297e-16,Autumn,846.6593,0.0,2008-10-21
2008-09-23,562.4695333333333,23.717719047619052,22.642733333333336,1.8150000000000002,1.4288571428571424,9.861285714285714,-1.0,-1.8369701987210297e-16,Autumn,851.4500666666667,0.0,2008-10-22
2008-09-24,578.7707333333333,23.74373333333333,20.546466666666667,1.8150000000000002,1.6859999999999997,9.814285714285715,-1.0,-1.8369701987210297e-16,Autumn,861.4118333333333,0.0,2008-10-23
2008-09-25,603.2382666666667,24.217876190476193,28.639166666666664,1.8305714285714287,1.8292857142857142,9.982428571428573,-1.0,-1.8369701987210297e-16,Autumn,868.3264333333333,0.0,2008-10-24
2008-12-11,,,,,,,-2.4492935982947064e-16,1.0,Winter,888.0595333333333,1.0,2009-01-09
2008-12-12,,,23.875366666666665,,,,-2.4492935982947064e-16,1.0,Winter,899.2333000000001,1.0,2009-01-10
2008-12-13,,,30.258899999999997,,,,-2.4492935982947064e-16,1.0,Winter,901.9075333333334,1.0,2009-01-11
2008-12-14,,,30.426233333333336,,,,-2.4492935982947064e-16,1.0,Winter,897.9692666666666,1.0,2009-01-12
2008-12-15,,,33.36866666666666,,,,-2.4492935982947064e-16,1.0,Winter,900.9772666666668,1.0,2009-01-13
2008-12-16,,,29.924166666666668,,,,-2.4492935982947064e-16,1.0,Winter,900.7496333333333,2.0,2009-01-14
2008-12-17,,,29.9515,,,,-2.4492935982947064e-16,1.0,Winter,896.8659333333334,2.0,2009-01-15
2008-12-18,,30.3978,34.97976666666667,1.9534285714285715,0.582142857142857,9.519142857142857,-2.4492935982947064e-16,1.0,Winter,907.9954,2.0,2009-01-16
2008-12-19,,31.122604761904764,28.949,1.9484285714285718,0.5799999999999997,9.992571428571427,-2.4492935982947064e-16,1.0,Winter,934.3434,2.0,2009-01-17
2008-12-20,,31.28112380952381,31.368533333333335,2.002857142857143,0.5858571428571426,9.938142857142855,-2.4492935982947064e-16,1.0,Winter,955.5447666666666,2.0,2009-01-18
2008-12-21,,32.27771428571428,37.402366666666666,1.852571428571429,1.474142857142857,10.447571428571427,-2.4492935982947064e-16,1.0,Winter,946.4735000000001,1.0,2009-01-19
2008-12-22,,33.80507142857143,44.06016666666667,1.4750000000000003,2.430142857142857,11.790571428571427,-2.4492935982947064e-16,1.0,Winter,931.3804666666667,1.0,2009-01-20
2008-12-23,,34.32973333333333,33.5968,1.6148571428571432,2.4499999999999997,11.899857142857144,-2.4492935982947064e-16,1.0,Winter,926.7742333333333,1.0,2009-01-21
2008-12-24,,34.33210952380953,29.968133333333334,1.9957142857142858,2.716,11.470142857142857,-2.4492935982947064e-16,1.0,Winter,917.4286999999999,1.0,2009-01-22
2008-12-25,,32.35794761904762,21.160633333333333,1.3884285714285716,2.7274285714285713,11.351285714285712,-2.4492935982947064e-16,1.0,Winter,928.1103333333333,1.0,2009-01-23
2008-12-26,,30.748847619047616,17.685299999999998,1.227714285714286,2.7312857142857143,10.251999999999999,-2.4492935982947064e-16,1.0,Winter,947.1045333333334,1.0,2009-01-24
2008-12-27,,29.18127619047619,20.395533333333333,1.1681428571428574,2.728857142857143,9.683857142857144,-2.4492935982947064e-16,1.0,Winter,974.1034,1.0,2009-01-25
2008-12-28,,30.914661904761907,49.53606666666667,1.0061428571428574,1.8381428571428573,9.594142857142858,-2.4492935982947064e-16,1.0,Winter,952.4752,1.0,2009-01-26
2008-12-29,,28.359976190476193,26.177366666666668,1.1281428571428573,0.5564285714285714,8.233428571428572,-2.4492935982947064e-16,1.0,Winter,950.0483333333333,1.0,2009-01-27
2008-12-30,,24.882523809523807,9.254633333333334,0.8200000000000003,0.5317142857142858,7.0972857142857135,-2.4492935982947064e-16,1.0,Winter,986.1559333333333,1.0,2009-01-28
2008-12-31,,23.447166666666668,19.920633333333335,0.4391428571428574,0.26457142857142857,6.928571428571429,-2.4492935982947064e-16,1.0,Winter,992.4636,1.0,2009-01-29
2009-01-01,,25.10085714285714,32.736466666666665,0.8641428571428574,0.24771428571428572,7.197,0.49999999999999994,0.8660254037844387,Winter,994.0444333333332,1.0,2009-01-30
2009-01-02,,25.92365238095238,23.444866666666666,0.9734285714285716,0.7562857142857143,7.083428571428571,0.49999999999999994,0.8660254037844387,Winter,1025.8137666666667,1.0,2009-01-31
2009-02-18,,,,,,,0.8660254037844386,0.5000000000000001,Winter,861.433,2.0,2009-03-19
2009-02-19,,,13.774166666666668,,,,0.8660254037844386,0.5000000000000001,Winter,872.0572666666667,2.0,2009-03-20
2009-02-20,,,12.2878,,,,0.8660254037844386,0.5000000000000001,Winter,891.9365,2.0,2009-03-21
2009-02-21,,,31.3456,,,,0.8660254037844386,0.5000000000000001,Winter,888.7437333333334,2.0,2009-03-22
2009-02-22,,,21.9364,,,,0.8660254037844386,0.5000000000000001,Winter,888.4148333333334,2.0,2009-03-23
2009-02-23,,,37.307966666666665,,,,0.8660254037844386,0.5000000000000001,Winter,878.8020666666666,2.0,2009-03-24
2009-02-24,,,45.56093333333333,,,,0.8660254037844386,0.5000000000000001,Winter,863.8873666666667,2.0,2009-03-25
2009-02-25,,27.418847619047618,29.719066666666667,1.5831428571428574,2.148,7.733428571428571,0.8660254037844386,0.5000000000000001,Winter,854.3517,2.0,2009-03-26
2009-02-26,,28.23645238095238,19.497400000000003,1.7391428571428575,2.144714285714286,8.003142857142858,0.8660254037844386,0.5000000000000001,Winter,863.4197333333334,2.0,2009-03-27
2009-02-27,,29.235461904761905,19.280866666666668,1.589714285714286,2.1455714285714285,8.723857142857144,0.8660254037844386,0.5000000000000001,Winter,881.8217999999999,2.0,2009-03-28
2009-02-28,,29.58827619047619,33.8153,1.340714285714286,2.1388571428571432,9.59,0.8660254037844386,0.5000000000000001,Winter,884.9506666666666,2.0,2009-03-29
2009-03-01,,30.337242857142858,27.179166666666667,1.202714285714286,2.866857142857143,10.164714285714284,1.0,6.123233995736766e-17,Spring,882.3957,2.0,2009-03-30
2009-03-02,,30.89456666666667,41.20923333333334,2.261,2.0332857142857144,10.410285714285715,1.0,6.123233995736766e-17,Spring,871.5778333333333,1.0,2009-03-31
2009-03-03,,27.903580952380956,24.624033333333333,2.310714285714286,1.5427142857142857,9.583571428571428,1.0,6.123233995736766e-17,Spring,874.3061333333334,1.0,2009-04-01
2009-03-04,,28.06026666666667,30.81586666666667,2.476285714285715,1.352142857142857,9.370999999999999,1.0,6.123233995736766e-17,Spring,870.8958333333334,1.0,2009-04-02
2009-03-05,,29.660947619047622,30.702166666666667,2.636571428571429,1.680142857142857,9.518714285714285,1.0,6.123233995736766e-17,Spring,862.9146666666666,1.0,2009-04-03
2009-03-06,,30.33942380952381,24.030199999999997,2.636571428571429,1.6805714285714284,9.840571428571428,1.0,6.123233995736766e-17,Spring,875.405,1.0,2009-04-04
2009-03-07,,29.755033333333333,29.724566666666664,2.6351428571428572,1.6832857142857143,9.444142857142856,1.0,6.123233995736766e-17,Spring,868.6090333333334,1.0,2009-04-05
2009-03-08,,29.911499999999997,28.27443333333333,2.6222857142857143,1.0337142857142856,10.030857142857142,1.0,6.123233995736766e-17,Spring,864.5451666666667,1.0,2009-04-06
2009-03-09,,29.636766666666666,39.286100000000005,2.055,1.3935714285714285,10.579285714285714,1.0,6.123233995736766e-17,Spring,849.2606,1.0,2009-04-07
2009-03-10,,30.132276190476187,28.0926,2.118,1.402,11.100999999999999,1.0,6.123233995736766e-17,Spring,846.7446666666667,1.0,2009-04-08
2009-03-11,,30.101938095238093,30.6035,1.9524285714285716,1.403857142857143,10.899,1.0,6.123233995736766e-17,Spring,847.6490333333333,1.0,2009-04-09
2009-03-12,,31.44425714285714,40.0984,2.132714285714286,2.077857142857143,11.233857142857143,1.0,6.123233995736766e-17,Spring,838.2525333333333,1.0,2009-04-10
2009-03-13,,32.504847619047624,31.454333333333334,2.132714285714286,2.091142857142857,11.885428571428573,1.0,6.123233995736766e-17,Spring,847.8389666666667,1.0,2009-04-11
2009-03-14,,31.700195238095237,24.092,2.123857142857143,2.097714285714286,11.658285714285714,1.0,6.123233995736766e-17,Spring,859.4305,1.0,2009-04-12
2009-03-15,,32.77772380952381,35.81713333333333,2.2868571428571434,2.021857142857143,12.504428571428573,1.0,6.123233995736766e-17,Spring,850.2787666666667,3.0,2009-04-13
2009-03-16,,31.789380952380952,32.3677,1.747571428571429,2.0064285714285717,11.884714285714285,1.0,6.123233995736766e-17,Spring,842.9367,3.0,2009-04-14
2009-03-17,,30.961966666666665,22.3007,1.4617142857142862,1.9974285714285716,11.735428571428573,1.0,6.123233995736766e-17,Spring,840.9037,2.0,2009-04-15
2009-03-18,,31.18982380952381,32.1985,1.6202857142857146,2.521857142857143,11.836857142857143,1.0,6.123233995736766e-17,Spring,834.7806,2.0,2009-04-16
2009-03-19,,28.915480952380953,24.178,1.2841428571428573,1.5342857142857143,12.031714285714285,1.0,6.123233995736766e-17,Spring,844.6494333333334,2.0,2009-04-17
2009-03-20,861.433,27.25898571428571,19.858866666666664,1.2841428571428573,1.5271428571428571,11.432142857142859,1.0,6.123233995736766e-17,Spring,849.995,2.0,2009-04-18
2009-03-21,872.0572666666667,27.3027619047619,24.398433333333333,1.2842857142857145,1.5267142857142857,11.453857142857144,1.0,6.123233995736766e-17,Spring,847.0377,2.0,2009-04-19
2009-03-22,891.9365,26.781319047619043,32.16703333333333,1.744857142857143,1.5841428571428573,10.343857142857143,1.0,6.123233995736766e-17,Spring,839.6458333333333,2.0,2009-04-20
2009-03-23,888.7437333333334,26.17919523809524,28.152833333333334,1.5361428571428575,1.387857142857143,10.438428571428572,1.0,6.123233995736766e-17,Spring,843.0696333333333,2.0,2009-04-21
2009-03-24,888.4148333333334,26.080166666666663,21.6075,1.6901428571428576,1.3884285714285716,9.968142857142857,1.0,6.123233995736766e-17,Spring,846.3987666666667,2.0,2009-04-22
2009-03-25,878.8020666666666,25.436838095238095,27.6952,1.775857142857143,0.8741428571428571,9.658,1.0,6.123233995736766e-17,Spring,837.7279,2.0,2009-04-23
2009-03-26,863.8873666666667,26.360871428571425,30.646233333333335,2.012571428571429,1.294142857142857,9.398857142857143,1.0,6.123233995736766e-17,Spring,826.9824666666666,2.0,2009-04-24
2009-03-27,854.3517,26.40723333333333,20.1834,2.012571428571429,1.2938571428571428,9.275714285714285,1.0,6.123233995736766e-17,Spring,840.5038,2.0,2009-04-25
2009-03-28,863.4197333333334,27.00251904761905,28.56543333333333,2.0154285714285716,1.325,9.179857142857143,1.0,6.123233995736766e-17,Spring,841.6321333333333,2.0,2009-04-26
2009-03-29,881.8217999999999,27.790504761904764,37.68293333333334,1.8878571428571431,1.2742857142857142,9.459714285714284,1.0,6.123233995736766e-17,Spring,826.4763333333334,2.0,2009-04-27
2009-03-30,884.9506666666666,29.046409523809523,36.94416666666667,1.8298571428571433,1.3094285714285714,9.529285714285715,1.0,6.123233995736766e-17,Spring,817.9719333333334,2.0,2009-04-28
2009-03-31,882.3957,29.477366666666665,24.6242,1.830857142857143,1.3072857142857142,10.086714285714285,1.0,6.123233995736766e-17,Spring,821.0924,2.0,2009-04-29
2009-04-01,871.5778333333333,29.862533333333335,30.391366666666666,1.9011428571428575,1.6442857142857144,10.488,0.8660254037844387,-0.49999999999999983,Spring,821.2804,2.0,2009-04-30
2009-04-02,874.3061333333334,29.391976190476193,27.352333333333334,1.9050000000000005,1.5084285714285712,10.06257142857143,0.8660254037844387,-0.49999999999999983,Spring,819.1414333333333,2.0,2009-05-01
2009-04-03,870.8958333333334,30.423714285714286,27.40556666666667,2.0661428571428573,1.510142857142857,10.763142857142856,0.8660254037844387,-0.49999999999999983,Spring,814.9676999999999,2.0,2009-05-02
2009-04-04,862.9146666666666,29.588795238095237,22.721,1.9085714285714288,1.4815714285714285,10.56442857142857,0.8660254037844387,-0.49999999999999983,Spring,819.0613333333333,2.0,2009-05-03
2009-04-05,875.405,29.422738095238095,36.52053333333333,1.6474285714285715,2.030857142857143,11.13957142857143,0.8660254037844387,-0.49999999999999983,Spring,810.3388333333332,2.0,2009-05-04
2009-04-06,868.6090333333334,27.420514285714283,22.9286,1.9647142857142856,1.507,10.711142857142859,0.8660254037844387,-0.49999999999999983,Spring,816.2681333333334,2.0,2009-05-05
2009-04-07,864.5451666666667,27.36142380952381,24.21056666666667,1.923857142857143,1.5124285714285715,10.745428571428572,0.8660254037844387,-0.49999999999999983,Spring,814.5559333333333,2.0,2009-05-06
2009-04-08,849.2606,26.44859047619048,24.001533333333334,1.7668571428571431,1.1734285714285713,10.197285714285714,0.8660254037844387,-0.49999999999999983,Spring,807.4318666666667,2.0,2009-05-07
2009-04-09,846.7446666666667,26.194923809523807,25.576666666666664,1.6702857142857144,1.2395714285714285,10.291428571428572,0.8660254037844387,-0.49999999999999983,Spring,812.8077999999999,2.0,2009-05-08
2009-04-10,847.6490333333333,26.780966666666668,31.507866666666665,1.8922857142857143,1.2455714285714286,10.288857142857143,0.8660254037844387,-0.49999999999999983,Spring,802.3224666666667,2.0,2009-05-09
2009-04-11,838.2525333333333,27.921095238095237,30.701900000000002,2.1861428571428574,1.602142857142857,11.042000000000002,0.8660254037844387,-0.49999999999999983,Spring,804.4144666666667,3.0,2009-05-10
2009-04-12,847.8389666666667,28.566842857142856,41.04076666666666,2.323571428571429,1.6184285714285715,11.325142857142856,0.8660254037844387,-0.49999999999999983,Spring,788.6599666666666,3.0,2009-05-11
2009-04-13,859.4305,30.388976190476193,35.68353333333334,2.8472857142857144,1.7822857142857145,12.177571428571428,0.8660254037844387,-0.49999999999999983,Spring,780.0757,3.0,2009-05-12
2009-04-14,850.2787666666667,30.73966666666667,26.665399999999998,2.8768571428571432,2.541571428571429,11.615857142857141,0.8660254037844387,-0.49999999999999983,Spring,774.1836,1.0,2009-05-13
2009-04-15,842.9367,30.885966666666665,25.025633333333335,2.8461428571428575,2.827714285714286,11.666857142857143,0.8660254037844387,-0.49999999999999983,Spring,775.9410333333333,1.0,2009-05-14
2009-04-16,840.9037,30.127542857142856,20.267699999999998,2.8102857142857145,2.4899999999999998,11.282571428571428,0.8660254037844387,-0.49999999999999983,Spring,779.3771,1.0,2009-05-15
2009-04-17,834.7806,29.351476190476188,26.0754,2.840857142857143,2.4944285714285717,10.757857142857143,0.8660254037844387,-0.49999999999999983,Spring,786.7579999999999,1.0,2009-05-16
2009-04-18,844.6494333333334,29.82932380952381,34.04683333333333,2.5470000000000006,2.8375714285714286,9.876000000000001,0.8660254037844387,-0.49999999999999983,Spring,778.4405666666667,1.0,2009-05-17
2009-04-19,849.995,27.566990476190476,25.204433333333334,2.1708571428571433,2.5985714285714288,8.799714285714286,0.8660254037844387,-0.49999999999999983,Spring,773.4012333333333,1.0,2009-05-18
2009-04-20,847.0377,25.532361904761906,21.441133333333333,1.4141428571428574,2.4374285714285717,8.173714285714285,0.8660254037844387,-0.49999999999999983,Spring,778.9158333333334,1.0,2009-05-19
2009-04-21,839.6458333333333,25.262328571428572,24.775166666666667,1.2704285714285715,2.0082857142857145,8.783285714285714,0.8660254037844387,-0.49999999999999983,Spring,775.9267,1.0,2009-05-20
2009-04-22,843.0696333333333,26.198185714285717,31.576633333333334,1.4185714285714288,1.7274285714285713,8.483571428571429,0.8660254037844387,-0.49999999999999983,Spring,770.6025666666667,1.0,2009-05-21
2009-04-23,846.3987666666667,26.865176190476195,24.936633333333337,1.2962857142857145,1.8331428571428572,9.624571428571429,0.8660254037844387,-0.49999999999999983,Spring,763.5793666666666,1.0,2009-05-22
2009-04-24,837.7279,25.857880952380953,19.024333333333335,1.0351428571428574,1.832857142857143,9.01057142857143,0.8660254037844387,-0.49999999999999983,Spring,770.065,1.0,2009-05-23
2009-04-25,826.9824666666666,23.837019047619044,19.9008,1.0351428571428574,1.1412857142857142,9.299428571428573,0.8660254037844387,-0.49999999999999983,Spring,771.6273,1.0,2009-05-24
2009-04-26,840.5038,25.05134761904762,33.70473333333334,1.1750000000000003,1.3252857142857142,9.660285714285715,0.8660254037844387,-0.49999999999999983,Spring,760.4908333333333,1.0,2009-05-25
2009-04-27,841.6321333333333,26.230295238095238,29.693766666666665,1.296714285714286,1.7025714285714284,10.013571428571428,0.8660254037844387,-0.49999999999999983,Spring,753.1120333333333,4.0,2009-05-26
2009-04-28,826.4763333333334,25.90914761904762,22.52713333333333,1.438857142857143,1.3785714285714286,9.52,0.8660254037844387,-0.49999999999999983,Spring,756.3231,4.0,2009-05-27
2009-04-29,817.9719333333334,25.461023809523812,28.439766666666667,1.4592857142857145,1.378,10.104142857142858,0.8660254037844387,-0.49999999999999983,Spring,747.5456,4.0,2009-05-28
2009-04-30,821.0924,25.86217142857143,27.744666666666667,1.4620000000000002,1.5621428571428573,9.548,0.8660254037844387,-0.49999999999999983,Spring,740.5150333333333,4.0,2009-05-29
2009-05-01,821.2804,27.512890476190478,30.579366666666665,1.4561428571428574,1.5575714285714284,10.947142857142856,0.49999999999999994,-0.8660254037844387,Spring,737.5874333333334,4.0,2009-05-30
2009-05-02,819.1414333333333,28.271828571428575,25.213366666666666,1.6085714285714288,1.653142857142857,11.237428571428572,0.49999999999999994,-0.8660254037844387,Spring,728.3222333333333,4.0,2009-05-31
2009-05-03,814.9676999999999,26.7757,23.231833333333334,1.526142857142857,1.1492857142857142,10.74242857142857,0.49999999999999994,-0.8660254037844387,Spring,729.1447333333333,4.0,2009-06-01
2009-05-04,819.0613333333333,26.364395238095238,26.814633333333333,1.5481428571428573,1.0887142857142857,10.266,0.49999999999999994,-0.8660254037844387,Spring,720.5074,4.0,2009-06-02
2009-05-05,810.3388333333332,27.11738095238095,27.798033333333333,1.549857142857143,1.0937142857142856,10.887857142857143,0.49999999999999994,-0.8660254037844387,Spring,715.3190000000001,4.0,2009-06-03
2009-05-06,816.2681333333334,27.177114285714282,28.857899999999997,1.4042857142857144,1.8319999999999996,10.701714285714287,0.49999999999999994,-0.8660254037844387,Spring,703.7221,4.0,2009-06-04
2009-05-07,814.5559333333333,26.427642857142853,22.498366666666666,1.4035714285714287,1.7327142857142857,10.65685714285714,0.49999999999999994,-0.8660254037844387,Spring,701.7297333333333,4.0,2009-06-05
2009-05-08,807.4318666666667,24.47022857142857,16.877466666666667,1.2568571428571431,1.7342857142857142,9.612142857142857,0.49999999999999994,-0.8660254037844387,Spring,709.4431,4.0,2009-06-06
2009-05-09,812.8077999999999,25.290119047619047,30.9526,1.4224285714285716,1.7051428571428568,10.143142857142857,0.49999999999999994,-0.8660254037844387,Spring,698.6137,4.0,2009-06-07
2009-05-10,802.3224666666667,24.97450476190476,21.022533333333335,1.516714285714286,1.7062857142857144,9.69242857142857,0.49999999999999994,-0.8660254037844387,Spring,697.2374333333333,4.0,2009-06-08
2009-05-11,804.4144666666667,25.82868571428571,32.7939,1.672857142857143,2.2887142857142853,9.902,0.49999999999999994,-0.8660254037844387,Spring,686.6577,3.0,2009-06-09
2009-05-12,788.6599666666666,25.469861904761906,25.286266666666666,1.676857142857143,2.2952857142857144,9.849857142857143,0.49999999999999994,-0.8660254037844387,Spring,688.0880333333333,3.0,2009-06-10
2009-05-13,780.0757,25.218628571428575,27.099266666666665,1.5270000000000004,1.8915714285714285,10.016857142857143,0.49999999999999994,-0.8660254037844387,Spring,682.6662666666666,3.0,2009-06-11
2009-05-14,774.1836,24.972190476190473,20.7733,1.5814285714285716,1.7138571428571427,9.741,0.49999999999999994,-0.8660254037844387,Spring,680.2551666666667,3.0,2009-06-12
2009-06-16,,,,,,,1.2246467991473532e-16,-1.0,Summer,539.0879,4.0,2009-07-15
2009-06-17,,,25.14653333333333,,,,1.2246467991473532e-16,-1.0,Summer,523.9339333333334,4.0,2009-07-16
2009-06-18,,,16.466933333333333,,,,1.2246467991473532e-16,-1.0,Summer,519.6638,4.0,2009-07-17
2009-06-19,,,19.428333333333335,,,,1.2246467991473532e-16,-1.0,Summer,516.3423,4.0,2009-07-18
2009-06-20,,,18.114433333333334,,,,1.2246467991473532e-16,-1.0,Summer,518.2886,4.0,2009-07-19
2009-06-21,,,18.451666666666664,,,,1.2246467991473532e-16,-1.0,Summer,510.8783666666667,4.0,2009-07-20
2009-06-22,,,14.252366666666667,,,,1.2246467991473532e-16,-1.0,Summer,510.1887,4.0,2009-07-21
2009-06-23,,18.585033333333335,18.234966666666665,0.8522857142857146,0.898,9.45042857142857,1.2246467991473532e-16,-1.0,Summer,504.2792666666666,4.0,2009-07-22
2009-06-24,,17.466990476190478,17.32023333333333,0.5704285714285718,0.9037142857142858,8.664,1.2246467991473532e-16,-1.0,Summer,504.1257,4.0,2009-07-23
2009-06-25,,18.769033333333333,25.581233333333333,0.8681428571428575,0.9934285714285715,9.675714285714287,1.2246467991473532e-16,-1.0,Summer,487.90676666666667,4.0,2009-07-24
2009-06-26,,17.830133333333333,12.856033333333333,0.8681428571428575,0.9982857142857143,8.961571428571428,1.2246467991473532e-16,-1.0,Summer,483.9955333333333,4.0,2009-07-25
2009-06-27,,18.2836,21.2887,0.990571428571429,1.0072857142857143,9.278,1.2246467991473532e-16,-1.0,Summer,471.75710000000004,4.0,2009-07-26
2009-06-28,,19.716819047619047,28.484199999999998,1.3710000000000002,0.9751428571428572,9.893571428571429,1.2246467991473532e-16,-1.0,Summer,454.74899999999997,4.0,2009-07-27
2009-06-29,,20.203133333333334,17.656566666666667,1.222571428571429,1.1192857142857142,9.999285714285714,1.2246467991473532e-16,-1.0,Summer,452.1399333333333,4.0,2009-07-28
2009-06-30,,20.003219047619048,16.83556666666667,1.478857142857143,1.1405714285714286,9.329857142857142,1.2246467991473532e-16,-1.0,Summer,450.33770000000004,4.0,2009-07-29
2009-07-01,,20.36805714285714,19.8741,1.4177142857142861,1.1081428571428573,9.444571428571427,-0.4999999999999998,-0.8660254037844388,Summer,443.66903333333335,4.0,2009-07-30
2009-07-02,,19.61440952380952,20.3057,1.1220000000000003,1.0154285714285713,8.797714285714287,-0.4999999999999998,-0.8660254037844388,Summer,439.62716666666665,4.0,2009-07-31
2009-07-03,,20.736352380952383,20.709633333333333,1.2130000000000005,1.0308571428571427,9.056,-0.4999999999999998,-0.8660254037844388,Summer,430.7003,4.0,2009-08-01
2009-07-04,,19.752604761904763,14.402466666666667,1.0744285714285717,1.0457142857142858,8.687285714285714,-0.4999999999999998,-0.8660254037844388,Summer,424.4599,4.0,2009-08-02
2009-07-05,,18.632404761904763,20.6428,0.9917142857142861,1.0310000000000001,7.733428571428573,-0.4999999999999998,-0.8660254037844388,Summer,412.1554,4.0,2009-08-03
2009-07-06,,19.468933333333332,23.51226666666667,1.4510000000000005,1.0334285714285714,7.915142857142857,-0.4999999999999998,-0.8660254037844388,Summer,397.12466666666666,4.0,2009-08-04
2009-07-07,,19.335900000000002,15.904333333333334,1.2560000000000002,1.0558571428571428,8.012285714285715,-0.4999999999999998,-0.8660254037844388,Summer,389.8645333333333,4.0,2009-08-05
2009-07-08,,19.13992380952381,18.502266666666667,1.3574285714285719,1.4251428571428573,7.543,-0.4999999999999998,-0.8660254037844388,Summer,380.24013333333335,4.0,2009-08-06
2009-07-09,,19.178157142857142,20.573333333333334,1.2161428571428574,1.842857142857143,7.480285714285714,-0.4999999999999998,-0.8660254037844388,Summer,368.65506666666664,4.0,2009-08-07
2009-07-10,,18.23452380952381,14.104199999999999,1.1251428571428577,1.8504285714285715,7.0161428571428575,-0.4999999999999998,-0.8660254037844388,Summer,363.3254,4.0,2009-08-08
2009-07-11,,19.016661904761907,19.877433333333332,1.1440000000000003,2.1335714285714285,7.033428571428572,-0.4999999999999998,-0.8660254037844388,Summer,360.0852,0.0,2009-08-09
2009-07-12,,18.434280952380956,16.566133333333333,0.9864285714285719,1.8984285714285716,7.171285714285714,-0.4999999999999998,-0.8660254037844388,Summer,361.3417,0.0,2009-08-10
2009-07-13,,16.29795238095238,8.557966666666665,0.5271428571428575,1.7771428571428571,6.606428571428572,-0.4999999999999998,-0.8660254037844388,Summer,368.6329666666667,0.0,2009-08-11
2009-07-14,,15.208633333333333,8.2791,0.46585714285714325,1.7541428571428574,6.140571428571429,-0.4999999999999998,-0.8660254037844388,Summer,374.0944666666667,0.0,2009-08-12
2009-08-14,,,,,,,-0.8660254037844384,-0.5000000000000004,Summer,595.7490666666666,0.0,2009-09-12
2009-08-15,,,12.477933333333334,,,,-0.8660254037844384,-0.5000000000000004,Summer,609.4647333333334,1.0,2009-09-13
2009-08-16,,,25.234366666666666,,,,-0.8660254037844384,-0.5000000000000004,Summer,610.4780000000001,1.0,2009-09-14
2009-08-17,,,20.2952,,,,-0.8660254037844384,-0.5000000000000004,Summer,614.4629,1.0,2009-09-15
2009-08-18,,,13.098466666666667,,,,-0.8660254037844384,-0.5000000000000004,Summer,630.4171333333334,1.0,2009-09-16
2009-08-19,,,18.009966666666667,,,,-0.8660254037844384,-0.5000000000000004,Summer,632.7976,1.0,2009-09-17
2009-08-20,,,14.679033333333333,,,,-0.8660254037844384,-0.5000000000000004,Summer,641.0191,1.0,2009-09-18
2009-08-21,,16.674809523809525,12.9287,1.2390000000000003,1.1062857142857143,6.289571428571429,-0.8660254037844384,-0.5000000000000004,Summer,663.6855666666667,1.0,2009-09-19
2009-08-22,,17.658309523809525,19.362433333333335,1.6124285714285718,1.1115714285714284,6.701,-0.8660254037844384,-0.5000000000000004,Summer,678.2452666666667,1.0,2009-09-20
2009-08-23,,17.74087142857143,25.8123,1.770571428571429,1.3045714285714287,6.647714285714287,-0.8660254037844384,-0.5000000000000004,Summer,676.0641,1.0,2009-09-21
2009-08-24,,17.381338095238096,17.778466666666667,1.6770000000000003,1.2652857142857141,6.833857142857143,-0.8660254037844384,-0.5000000000000004,Summer,679.0612333333333,1.0,2009-09-22
2009-08-25,,18.491685714285715,20.8709,2.0024285714285717,1.2544285714285714,7.117571428571428,-0.8660254037844384,-0.5000000000000004,Summer,685.4671666666667,1.0,2009-09-23
2009-08-26,,18.165523809523812,15.726833333333333,1.8358571428571433,1.1565714285714286,7.112857142857143,-0.8660254037844384,-0.5000000000000004,Summer,693.5113,1.0,2009-09-24
2009-08-27,,18.77458095238095,18.942433333333334,2.0122857142857145,1.2571428571428573,7.372285714285715,-0.8660254037844384,-0.5000000000000004,Summer,693.9191333333334,1.0,2009-09-25
2009-08-28,,18.712066666666665,12.4911,2.0122857142857145,1.2258571428571428,7.107285714285714,-0.8660254037844384,-0.5000000000000004,Summer,707.3656,1.0,2009-09-26
2009-08-29,,18.609914285714286,18.647366666666667,1.8315714285714289,1.259857142857143,7.101285714285715,-0.8660254037844384,-0.5000000000000004,Summer,712.2261,1.0,2009-09-27
2009-08-30,,18.228190476190477,23.140233333333335,1.311714285714286,1.0141428571428572,7.552428571428571,-0.8660254037844384,-0.5000000000000004,Summer,710.7434666666667,1.0,2009-09-28
2009-08-31,,19.66065238095238,27.8057,1.5551428571428576,1.0918571428571429,8.074428571428571,-0.8660254037844384,-0.5000000000000004,Summer,702.0444,1.0,2009-09-29
2009-09-01,,19.692242857142855,21.092033333333333,1.366714285714286,1.0834285714285714,8.321142857142858,-1.0,-1.8369701987210297e-16,Autumn,710.5539,3.0,2009-09-30
2009-09-02,,19.780161904761904,16.342266666666667,1.203857142857143,1.0751428571428572,8.290000000000001,-1.0,-1.8369701987210297e-16,Autumn,715.6658333333334,3.0,2009-10-01
2009-09-03,,19.985561904761905,20.380233333333333,1.034714285714286,0.9527142857142857,8.584428571428571,-1.0,-1.8369701987210297e-16,Autumn,714.4967333333333,3.0,2009-10-02
2009-09-04,,21.180138095238096,20.853133333333336,1.5088571428571431,1.3005714285714287,8.688428571428572,-1.0,-1.8369701987210297e-16,Autumn,722.2559333333334,3.0,2009-10-03
2009-09-05,,20.95524761904762,17.07313333333333,1.2548571428571431,1.2307142857142856,8.775571428571428,-1.0,-1.8369701987210297e-16,Autumn,732.2012333333334,3.0,2009-10-04
2009-09-06,,21.253942857142857,25.2311,1.5524285714285717,1.34,8.593571428571428,-1.0,-1.8369701987210297e-16,Autumn,728.2288333333333,3.0,2009-10-05
2009-09-07,,20.207009523809525,20.47716666666667,1.3155714285714288,1.2292857142857143,8.36257142857143,-1.0,-1.8369701987210297e-16,Autumn,731.5591333333333,3.0,2009-10-06
2009-09-08,,20.10209523809524,20.357633333333336,1.4921428571428577,1.2148571428571429,8.123285714285714,-1.0,-1.8369701987210297e-16,Autumn,741.5654,3.0,2009-10-07
2009-09-09,,20.353804761904765,18.104233333333333,1.6352857142857147,1.1977142857142857,8.474714285714287,-1.0,-1.8369701987210297e-16,Autumn,749.7472666666666,3.0,2009-10-08
2009-09-10,,21.064590476190478,25.355733333333333,1.6377142857142861,1.651,8.581857142857142,-1.0,-1.8369701987210297e-16,Autumn,746.9225666666666,3.0,2009-10-09
2009-09-11,,20.734033333333336,18.539233333333335,1.2961428571428575,1.294,8.795714285714286,-1.0,-1.8369701987210297e-16,Autumn,761.9292666666666,3.0,2009-10-10
2009-09-12,,21.185838095238097,20.235766666666667,1.2961428571428573,1.2932857142857144,9.309714285714287,-1.0,-1.8369701987210297e-16,Autumn,774.0091,4.0,2009-10-11
2009-09-13,595.7490666666666,22.496533333333332,34.40596666666667,2.2382857142857144,1.143857142857143,9.619428571428571,-1.0,-1.8369701987210297e-16,Autumn,762.1298666666667,4.0,2009-10-12
2009-09-14,609.4647333333334,23.313166666666664,26.1936,2.6884285714285716,1.147285714285714,9.784714285714285,-1.0,-1.8369701987210297e-16,Autumn,760.0879333333334,3.0,2009-10-13
2009-09-15,610.4780000000001,24.154595238095236,26.247633333333333,2.780857142857143,1.151,9.897857142857143,-1.0,-1.8369701987210297e-16,Autumn,762.3607,3.0,2009-10-14
2009-09-16,614.4629,25.036861904761906,24.2801,2.8904285714285716,1.1485714285714284,9.913714285714287,-1.0,-1.8369701987210297e-16,Autumn,762.9135333333334,3.0,2009-10-15
2009-09-17,630.4171333333334,25.564999999999998,29.0527,2.900571428571429,1.0968571428571428,10.301285714285715,-1.0,-1.8369701987210297e-16,Autumn,759.1418333333332,3.0,2009-10-16
2009-09-18,632.7976,25.82945714285714,20.39043333333333,2.7680000000000002,1.0915714285714286,10.758714285714287,-1.0,-1.8369701987210297e-16,Autumn,784.4527333333334,3.0,2009-10-17
2009-09-19,641.0191,26.21013809523809,22.900533333333332,3.0527142857142864,1.0945714285714285,10.39557142857143,-1.0,-1.8369701987210297e-16,Autumn,787.4882666666667,3.0,2009-10-18
2009-09-20,663.6855666666667,26.38002380952381,35.595166666666664,1.9132857142857145,1.5014285714285713,10.716142857142858,-1.0,-1.8369701987210297e-16,Autumn,774.7115666666666,3.0,2009-10-19
2009-09-21,678.2452666666667,27.4841,33.922133333333335,1.9684285714285714,1.7662857142857145,10.965714285714286,-1.0,-1.8369701987210297e-16,Autumn,769.5029,3.0,2009-10-20
2009-09-22,676.0641,27.110314285714285,23.63113333333333,1.693857142857143,1.7664285714285715,11.216142857142858,-1.0,-1.8369701987210297e-16,Autumn,778.6968666666667,3.0,2009-10-21
2009-09-23,679.0612333333333,26.609671428571428,20.7756,1.5750000000000004,1.7717142857142856,11.195857142857145,-1.0,-1.8369701987210297e-16,Autumn,781.2497666666667,3.0,2009-10-22
2009-09-24,685.4671666666667,26.355976190476188,27.276833333333332,1.7250000000000003,1.4157142857142855,11.124428571428572,-1.0,-1.8369701987210297e-16,Autumn,783.2637666666667,3.0,2009-10-23
2009-09-25,693.5113,26.838909523809523,23.770966666666666,1.8751428571428577,1.424,11.219285714285714,-1.0,-1.8369701987210297e-16,Autumn,803.0662666666666,3.0,2009-10-24
2009-09-26,693.9191333333334,26.331728571428574,19.350266666666666,1.5904285714285717,1.4157142857142855,11.296857142857144,-1.0,-1.8369701987210297e-16,Autumn,823.8249333333333,3.0,2009-10-25
2009-09-27,707.3656,24.95207142857143,25.937566666666665,1.6384285714285718,0.9187142857142857,11.259142857142857,-1.0,-1.8369701987210297e-16,Autumn,816.4264333333333,3.0,2009-10-26
2009-09-28,712.2261,23.46431904761905,23.507866666666665,1.2505714285714287,1.2194285714285713,10.776142857142856,-1.0,-1.8369701987210297e-16,Autumn,811.5311666666666,3.0,2009-10-27
2009-09-29,710.7434666666667,23.182385714285715,21.6576,1.1190000000000002,1.2192857142857143,10.769428571428573,-1.0,-1.8369701987210297e-16,Autumn,811.0187,3.0,2009-10-28
2009-09-30,702.0444,22.943961904761903,19.10663333333333,1.1324285714285718,1.2201428571428572,10.600857142857143,-1.0,-1.8369701987210297e-16,Autumn,824.9360666666666,3.0,2009-10-29
2009-10-01,710.5539,23.276061904761907,29.601533333333336,0.9731428571428574,2.234714285714286,10.081142857142856,-0.8660254037844386,0.5000000000000001,Autumn,820.2238333333333,1.0,2009-10-30
2009-10-02,715.6658333333334,22.945095238095238,21.4542,0.958714285714286,2.2319999999999998,9.946714285714284,-0.8660254037844386,0.5000000000000001,Autumn,830.0353333333333,1.0,2009-10-31
2009-10-03,714.4967333333333,22.925219047619045,19.211133333333333,0.958714285714286,2.2285714285714286,10.010714285714284,-0.8660254037844386,0.5000000000000001,Autumn,841.5436666666667,1.0,2009-11-01
2009-10-04,722.2559333333334,23.30732857142857,28.612333333333332,1.2017142857142862,2.2784285714285715,9.996285714285715,-0.8660254037844386,0.5000000000000001,Autumn,838.0017666666666,1.0,2009-11-02
2009-10-05,732.2012333333334,23.808838095238094,27.018433333333334,1.3977142857142861,2.125285714285714,10.057142857142859,-0.8660254037844386,0.5000000000000001,Autumn,848.7614666666666,1.0,2009-11-03
2009-10-06,728.2288333333333,23.75185238095238,21.258699999999997,1.5382857142857145,2.1165714285714285,9.655142857142858,-0.8660254037844386,0.5000000000000001,Autumn,857.5327666666666,1.0,2009-11-04
2009-10-07,731.5591333333333,24.423399999999997,23.807466666666667,1.3911428571428577,2.108,9.867142857142856,-0.8660254037844386,0.5000000000000001,Autumn,859.7330666666667,1.0,2009-11-05
2009-10-08,741.5654,24.53230952380952,30.3639,1.3574285714285719,1.5728571428571427,9.961714285714285,-0.8660254037844386,0.5000000000000001,Autumn,852.5433333333334,1.0,2009-11-06
2009-10-09,749.7472666666666,25.22258095238095,26.286099999999998,1.5204285714285717,1.5752857142857142,10.266714285714285,-0.8660254037844386,0.5000000000000001,Autumn,852.2101666666666,1.0,2009-11-07
2009-10-10,746.9225666666666,25.696852380952382,22.531033333333333,1.5204285714285717,1.5737142857142856,10.349,-0.8660254037844386,0.5000000000000001,Autumn,871.4791666666667,1.0,2009-11-08
2009-10-11,761.9292666666666,26.40165238095238,33.54593333333334,1.6441428571428571,1.5237142857142856,10.396285714285714,-0.8660254037844386,0.5000000000000001,Autumn,861.3949,2.0,2009-11-09
2009-10-12,774.0091,27.158390476190473,32.315599999999996,1.775857142857143,1.9458571428571427,10.348857142857142,-0.8660254037844386,0.5000000000000001,Autumn,855.8490333333333,1.0,2009-11-10
2009-10-13,762.1298666666667,27.339538095238094,22.526733333333333,1.7777142857142858,1.942,10.554142857142855,-0.8660254037844386,0.5000000000000001,Autumn,867.3303,1.0,2009-11-11
2009-10-14,760.0879333333334,27.388709523809524,24.151666666666664,1.9180000000000004,1.9401428571428572,10.657571428571428,-0.8660254037844386,0.5000000000000001,Autumn,867.5630666666667,1.0,2009-11-12
2009-10-15,762.3607,27.125352380952382,28.5204,2.099,1.768285714285714,10.672571428571429,-0.8660254037844386,0.5000000000000001,Autumn,864.5914333333334,1.0,2009-11-13
2009-10-16,762.9135333333334,26.91775714285714,24.832933333333333,2.033,1.746,10.397285714285713,-0.8660254037844386,0.5000000000000001,Autumn,882.4327666666667,1.0,2009-11-14
2009-10-17,759.1418333333332,27.31060952380952,25.281,2.033,1.7349999999999999,10.456999999999999,-0.8660254037844386,0.5000000000000001,Autumn,889.9402333333334,1.0,2009-11-15
2009-10-18,784.4527333333334,29.04709523809524,45.70133333333333,2.173,2.277,10.959142857142856,-0.8660254037844386,0.5000000000000001,Autumn,869.4800333333333,1.0,2009-11-16
2009-10-19,787.4882666666667,28.13573333333333,25.936066666666665,1.6874285714285715,1.426285714285714,11.315714285714288,-0.8660254037844386,0.5000000000000001,Autumn,872.0155333333333,1.0,2009-11-17
2009-10-20,774.7115666666666,28.177409523809523,22.818466666666666,1.7027142857142858,1.418,11.145285714285714,-0.8660254037844386,0.5000000000000001,Autumn,893.1833,1.0,2009-11-18
2009-10-21,769.5029,28.82909523809524,28.713466666666665,1.670857142857143,1.4065714285714284,11.356,-0.8660254037844386,0.5000000000000001,Autumn,889.0506333333333,1.0,2009-11-19
2009-10-22,778.6968666666667,29.444052380952378,32.8251,1.675142857142857,1.8044285714285715,11.149714285714285,-0.8660254037844386,0.5000000000000001,Autumn,888.9091333333333,1.0,2009-11-20
2009-10-23,781.2497666666667,29.229133333333333,23.328500000000002,1.4424285714285716,1.8085714285714285,11.354428571428572,-0.8660254037844386,0.5000000000000001,Autumn,907.1949,1.0,2009-11-21
2009-10-24,783.2637666666667,29.801966666666665,29.290833333333335,1.8967142857142858,1.8104285714285715,11.43442857142857,-0.8660254037844386,0.5000000000000001,Autumn,918.7536666666666,1.0,2009-11-22
2009-10-25,803.0662666666666,29.49798571428571,43.57346666666667,1.9984285714285714,1.2610000000000003,11.093714285714286,-0.8660254037844386,0.5000000000000001,Autumn,899.6989000000001,1.0,2009-11-23
2009-10-26,823.8249333333333,31.522680952380956,40.10893333333333,2.3267142857142855,2.072714285714286,11.457571428571429,-0.8660254037844386,0.5000000000000001,Autumn,895.0708999999999,1.0,2009-11-24
2009-10-27,816.4264333333333,30.911338095238097,18.539066666666667,2.2368571428571427,2.0742857142857143,11.109142857142858,-0.8660254037844386,0.5000000000000001,Autumn,909.534,1.0,2009-11-25
2009-10-28,811.5311666666666,29.468357142857144,18.6126,2.211,2.0741428571428573,10.732285714285714,-0.8660254037844386,0.5000000000000001,Autumn,917.5818333333333,1.0,2009-11-26
2009-10-29,811.0187,27.799790476190477,21.145133333333334,2.0700000000000003,1.2951428571428572,10.839285714285714,-0.8660254037844386,0.5000000000000001,Autumn,919.4371333333333,1.0,2009-11-27
2009-10-30,824.9360666666666,29.184861904761906,33.024,2.1792857142857143,1.8141428571428573,10.068285714285713,-0.8660254037844386,0.5000000000000001,Autumn,917.3956333333333,1.0,2009-11-28
2009-10-31,820.2238333333333,28.556071428571432,24.8893,1.979142857142857,2.029857142857143,9.65857142857143,-0.8660254037844386,0.5000000000000001,Autumn,920.0223666666666,1.0,2009-11-29
2009-11-01,830.0353333333333,26.797819047619047,31.2657,1.3464285714285713,2.315,9.472285714285714,-0.5000000000000004,0.8660254037844384,Autumn,917.8431666666667,1.0,2009-11-30
2009-11-02,841.5436666666667,25.456466666666667,30.719466666666666,1.1978571428571427,1.499142857142857,9.26142857142857,-0.5000000000000004,0.8660254037844384,Autumn,916.3966666666666,1.0,2009-12-01
2009-11-03,838.0017666666666,26.38951904761905,25.07043333333333,1.3987142857142858,1.4995714285714286,9.504571428571428,-0.5000000000000004,0.8660254037844384,Autumn,930.4207,1.0,2009-12-02
2009-11-04,848.7614666666666,29.12745238095238,37.77813333333334,1.603,1.9998571428571428,9.598571428571429,-0.5000000000000004,0.8660254037844384,Autumn,917.3040333333333,1.0,2009-12-03
2009-11-05,857.5327666666666,30.39671904761905,30.029999999999998,1.6074285714285712,2.506285714285714,10.016857142857145,-0.5000000000000004,0.8660254037844384,Autumn,915.7956,1.0,2009-12-04
2009-11-06,859.7330666666667,29.3944,26.007766666666665,1.6560000000000001,1.9929999999999999,10.615571428571428,-0.5000000000000004,0.8660254037844384,Autumn,928.9838666666667,1.0,2009-12-05
2009-11-07,852.5433333333334,29.149380952380948,23.174166666666668,1.401857142857143,1.7697142857142858,10.97242857142857,-0.5000000000000004,0.8660254037844384,Autumn,945.4478333333333,1.0,2009-12-06
2009-11-08,852.2101666666666,28.390414285714286,25.95293333333333,1.461,1.4688571428571429,10.312,-0.5000000000000004,0.8660254037844384,Autumn,948.5388666666668,1.0,2009-12-07
2009-11-09,871.4791666666667,29.97335238095238,41.80003333333333,1.8854285714285715,1.6981428571428572,10.691428571428572,-0.5000000000000004,0.8660254037844384,Autumn,940.1868999999999,1.0,2009-12-08
2009-11-10,861.3949,29.743528571428573,23.461666666666666,1.7775714285714286,1.6922857142857144,10.712857142857144,-0.5000000000000004,0.8660254037844384,Autumn,946.7645,0.0,2009-12-09
2009-11-11,855.8490333333333,28.170899999999996,26.76973333333333,1.6502857142857146,1.1895714285714285,11.107571428571429,-0.5000000000000004,0.8660254037844384,Autumn,954.2954666666667,2.0,2009-12-10
2009-11-12,867.3303,28.739185714285714,34.008,1.8307142857142857,1.3462857142857143,10.960142857142857,-0.5000000000000004,0.8660254037844384,Autumn,950.0285,2.0,2009-12-11
2009-11-13,867.5630666666667,28.50728095238095,24.384433333333334,1.885142857142857,1.3315714285714286,10.893714285714285,-0.5000000000000004,0.8660254037844384,Autumn,955.9170666666666,2.0,2009-12-12
2009-11-14,864.5914333333334,28.846509523809523,25.548766666666666,2.1502857142857144,1.3265714285714285,10.586857142857143,-0.5000000000000004,0.8660254037844384,Autumn,966.0151999999999,2.0,2009-12-13
2009-11-15,882.4327666666667,31.23527142857143,42.67426666666667,2.4334285714285713,1.612714285714286,11.851714285714285,-0.5000000000000004,0.8660254037844384,Autumn,953.2553,2.0,2009-12-14
2009-11-16,889.9402333333334,29.947904761904763,32.788466666666665,1.869142857142857,2.0702857142857143,11.076714285714285,-0.5000000000000004,0.8660254037844384,Autumn,952.8021,2.0,2009-12-15
2009-11-17,869.4800333333333,30.202114285714288,25.241133333333334,1.9969999999999999,2.0867142857142857,11.321571428571428,-0.5000000000000004,0.8660254037844384,Autumn,950.8088666666667,2.0,2009-12-16
2009-11-18,872.0155333333333,30.445233333333334,28.471566666666668,1.8372857142857142,2.0897142857142854,11.296999999999999,-0.5000000000000004,0.8660254037844384,Autumn,950.957,2.0,2009-12-17
2009-11-19,893.1833,31.870695238095237,43.98623333333333,2.3621428571428567,2.454,11.66457142857143,-0.5000000000000004,0.8660254037844384,Autumn,936.0492,2.0,2009-12-18
2009-11-20,889.0506333333333,31.89874761904762,24.5808,2.1498571428571425,2.4614285714285713,11.883571428571427,-0.5000000000000004,0.8660254037844384,Autumn,948.2073,2.0,2009-12-19
2009-11-21,888.9091333333333,32.91800952380952,32.6836,2.005142857142857,2.4614285714285713,12.403285714285714,-0.5000000000000004,0.8660254037844384,Autumn,934.5931333333333,2.0,2009-12-20
2009-11-22,907.1949,32.766580952380956,41.61426666666667,2.223,2.4022857142857146,11.501142857142856,-0.5000000000000004,0.8660254037844384,Autumn,926.8949666666667,2.0,2009-12-21
2009-11-23,918.7536666666666,33.91817142857143,40.8496,3.0491428571428574,1.707,12.451285714285715,-0.5000000000000004,0.8660254037844384,Autumn,917.5124000000001,2.0,2009-12-22
2009-11-24,899.6989000000001,33.81496666666667,24.518700000000003,2.7604285714285717,1.6865714285714286,12.290714285714287,-0.5000000000000004,0.8660254037844384,Autumn,917.2470333333333,2.0,2009-12-23
2009-11-25,895.0708999999999,34.81630476190476,35.48093333333334,3.116285714285714,2.2760000000000002,11.929285714285715,-0.5000000000000004,0.8660254037844384,Autumn,930.1976666666667,2.0,2009-12-24
2009-11-26,909.534,33.247152380952386,33.00216666666667,2.363857142857143,1.9085714285714286,11.473428571428572,-0.5000000000000004,0.8660254037844384,Autumn,932.6563000000001,2.0,2009-12-25
2009-11-27,917.5818333333333,33.544242857142855,26.660433333333334,2.6870000000000003,1.898,11.349571428571428,-0.5000000000000004,0.8660254037844384,Autumn,942.3895,2.0,2009-12-26
2009-11-28,919.4371333333333,32.16093333333334,23.000433333333334,2.5665714285714287,1.8964285714285716,11.175714285714287,-0.5000000000000004,0.8660254037844384,Autumn,955.9799333333333,2.0,2009-12-27
2009-11-29,917.3956333333333,30.642109523809523,30.9825,2.210142857142857,1.6662857142857141,11.432428571428574,-0.5000000000000004,0.8660254037844384,Autumn,959.8990666666667,2.0,2009-12-28
2009-11-30,920.0223666666666,28.73731428571429,27.516033333333333,1.3957142857142857,2.044857142857143,10.251142857142856,-0.5000000000000004,0.8660254037844384,Autumn,966.5158333333334,2.0,2009-12-29
2009-12-01,917.8431666666667,29.389857142857146,29.0865,1.55,2.039,10.795285714285713,-2.4492935982947064e-16,1.0,Winter,978.2811666666668,2.0,2009-12-30
2009-12-02,916.3966666666666,28.503004761904766,29.272966666666665,1.1941428571428572,1.4354285714285715,11.043142857142856,-2.4492935982947064e-16,1.0,Winter,985.8730666666668,2.0,2009-12-31
2009-12-03,930.4207,29.373333333333335,39.09446666666667,1.251,1.7167142857142856,11.365285714285713,-2.4492935982947064e-16,1.0,Winter,967.1828,2.0,2010-01-01
2009-12-04,917.3040333333333,29.08776666666667,24.66146666666667,1.0762857142857143,1.7159999999999997,11.342,-2.4492935982947064e-16,1.0,Winter,964.3847666666667,3.0,2010-01-02
2009-12-05,915.7956,29.8765,28.52156666666667,1.2417142857142858,1.7097142857142855,10.989857142857144,-2.4492935982947064e-16,1.0,Winter,970.5874333333334,3.0,2010-01-03
2009-12-06,928.9838666666667,31.049861904761908,39.19603333333334,1.3307142857142857,1.7047142857142856,10.843285714285715,-2.4492935982947064e-16,1.0,Winter,958.1269333333333,3.0,2010-01-04
2009-12-07,945.4478333333333,32.78159047619048,39.638133333333336,1.5845714285714283,1.8638571428571427,11.499285714285715,-2.4492935982947064e-16,1.0,Winter,955.4851333333334,3.0,2010-01-05
2009-12-08,948.5388666666668,32.77551428571429,29.043966666666666,1.592,1.8634285714285712,11.249571428571429,-2.4492935982947064e-16,1.0,Winter,956.0608333333333,3.0,2010-01-06
2009-12-09,940.1868999999999,33.37195714285714,33.44806666666667,1.7502857142857142,1.8628571428571428,11.900285714285713,-2.4492935982947064e-16,1.0,Winter,952.1034666666667,3.0,2010-01-07
2009-12-10,946.7645,32.07835714285714,30.039266666666666,1.8804285714285716,1.3347142857142857,11.203142857142856,-2.4492935982947064e-16,1.0,Winter,952.0176666666667,3.0,2010-01-08
2009-12-11,954.2954666666667,33.45539047619048,34.3007,2.1352857142857142,1.3274285714285714,11.992999999999999,-2.4492935982947064e-16,1.0,Winter,956.6653000000001,1.0,2010-01-09
2009-12-12,950.0285,33.629599999999996,29.741033333333334,2.1907142857142854,1.332142857142857,12.295428571428571,-2.4492935982947064e-16,1.0,Winter,968.7320333333333,1.0,2010-01-10
2009-12-13,955.9170666666666,32.35488095238095,30.273000000000003,1.8,1.8705714285714283,11.563142857142855,-2.4492935982947064e-16,1.0,Winter,963.7704333333334,1.0,2010-01-11
2010-01-15,,,,,,,0.49999999999999994,0.8660254037844387,Winter,1090.1176333333333,2.0,2010-02-13
2010-01-16,,,36.61266666666667,,,,0.49999999999999994,0.8660254037844387,Winter,1081.6441333333332,3.0,2010-02-14
2010-01-17,,,35.8352,,,,0.49999999999999994,0.8660254037844387,Winter,1080.7611333333334,3.0,2010-02-15
2010-01-18,,,31.775933333333334,,,,0.49999999999999994,0.8660254037844387,Winter,1078.9478,3.0,2010-02-16
2010-01-19,,,31.351633333333332,,,,0.49999999999999994,0.8660254037844387,Winter,1081.8388333333332,3.0,2010-02-17
2010-01-20,,,40.55846666666666,,,,0.49999999999999994,0.8660254037844387,Winter,1070.6329666666666,3.0,2010-02-18
2010-01-21,,,39.19546666666667,,,,0.49999999999999994,0.8660254037844387,Winter,1063.9970333333333,3.0,2010-02-19
2010-01-22,,35.85147142857143,35.63093333333333,1.7751428571428571,1.4861428571428572,15.078285714285714,0.49999999999999994,0.8660254037844387,Winter,1061.4282333333333,3.0,2010-02-20
2010-01-23,,34.88448571428571,29.843766666666667,1.5954285714285714,1.1147142857142858,15.216285714285716,0.49999999999999994,0.8660254037844387,Winter,1077.2563666666667,3.0,2010-02-21
2010-01-24,,35.98303333333333,43.52503333333333,1.6738571428571427,1.3534285714285714,15.557285714285715,0.49999999999999994,0.8660254037844387,Winter,1058.2986,2.0,2010-02-22
2010-01-25,,36.84699523809524,37.82366666666667,1.8887142857142858,1.705142857142857,14.986142857142855,0.49999999999999994,0.8660254037844387,Winter,1044.8296,2.0,2010-02-23
2010-01-26,,36.964642857142856,32.17516666666667,1.996,1.728,15.436857142857145,0.49999999999999994,0.8660254037844387,Winter,1044.5590666666667,2.0,2010-02-24
2010-01-27,,36.09334761904762,34.459399999999995,1.7791428571428571,1.691142857142857,14.998571428571429,0.49999999999999994,0.8660254037844387,Winter,1041.4364,2.0,2010-02-25
2010-01-28,,37.06757142857142,46.015033333333335,1.7401428571428572,2.1285714285714286,15.511571428571429,0.49999999999999994,0.8660254037844387,Winter,1030.7573,2.0,2010-02-26
2010-01-29,,37.00180476190476,35.170566666666666,1.9027142857142858,2.1364285714285716,15.302428571428573,0.49999999999999994,0.8660254037844387,Winter,1025.0043333333333,2.0,2010-02-27
2010-01-30,,37.72171904761905,34.88316666666666,2.0154285714285716,2.2077142857142857,15.80942857142857,0.49999999999999994,0.8660254037844387,Winter,1001.9822666666666,2.0,2010-02-28
2010-01-31,,38.27225714285714,47.3788,2.027714285714286,2.7017142857142855,16.074,0.49999999999999994,0.8660254037844387,Winter,976.2489333333334,2.0,2010-03-01
2010-02-01,,37.15267619047619,29.9866,1.7732857142857144,2.5045714285714284,16.291571428571427,0.8660254037844386,0.5000000000000001,Winter,959.0441,2.0,2010-03-02
2010-02-02,,36.58902857142857,28.229633333333332,1.7365714285714287,2.492,16.07542857142857,0.8660254037844386,0.5000000000000001,Winter,946.4116999999999,2.0,2010-03-03
2010-02-03,,36.803,35.95719999999999,1.6614285714285715,2.490142857142857,16.83157142857143,0.8660254037844386,0.5000000000000001,Winter,921.8358333333333,2.0,2010-03-04
2010-02-04,,37.1413619047619,48.38356666666667,1.6885714285714286,2.778714285714286,17.256714285714285,0.8660254037844386,0.5000000000000001,Winter,892.3477,2.0,2010-03-05
2010-02-05,,37.631923809523805,38.6045,1.5517142857142858,2.7827142857142855,18.507571428571428,0.8660254037844386,0.5000000000000001,Winter,866.9884,2.0,2010-03-06
2010-02-06,,37.64597619047619,34.98153333333333,1.468,2.728857142857143,18.5,0.8660254037844386,0.5000000000000001,Winter,854.8814,2.0,2010-03-07
2010-02-07,,37.337066666666665,45.216433333333335,1.6228571428571428,1.9667142857142856,18.49514285714286,0.8660254037844386,0.5000000000000001,Winter,852.2832666666667,2.0,2010-03-08
2010-02-08,,36.924,27.095133333333333,1.7687142857142857,2.3177142857142856,17.491857142857143,0.8660254037844386,0.5000000000000001,Winter,854.5233333333333,2.0,2010-03-09
2010-02-09,,39.03938095238095,43.037299999999995,1.775857142857143,2.326857142857143,18.226285714285716,0.8660254037844386,0.5000000000000001,Winter,841.8632333333334,2.0,2010-03-10
2010-02-10,,39.666761904761906,40.348866666666666,1.9492857142857143,2.3308571428571425,17.973857142857142,0.8660254037844386,0.5000000000000001,Winter,834.0325333333334,2.0,2010-03-11
2010-02-11,,37.393385714285714,32.46993333333333,1.8042857142857145,1.5527142857142857,16.702714285714286,0.8660254037844386,0.5000000000000001,Winter,828.9863333333334,1.0,2010-03-12
2010-02-12,,35.13980952380952,22.82946666666667,1.650857142857143,1.5238571428571428,14.72742857142857,0.8660254037844386,0.5000000000000001,Winter,845.8737,1.0,2010-03-13
2010-02-13,,34.64958571428571,31.549966666666666,1.6992857142857145,1.5007142857142857,14.327857142857141,0.8660254037844386,0.5000000000000001,Winter,840.4356333333333,1.0,2010-03-14
2010-02-14,1090.1176333333333,33.7890380952381,39.1926,1.3441428571428573,1.9411428571428573,14.449714285714284,0.8660254037844386,0.5000000000000001,Winter,831.1072,1.0,2010-03-15
2010-02-15,1081.6441333333332,33.938185714285716,28.139166666666664,1.1282857142857143,1.4387142857142856,15.541857142857143,0.8660254037844386,0.5000000000000001,Winter,828.6788666666666,0.0,2010-03-16
2010-02-16,1080.7611333333334,32.78317142857143,34.9522,1.457857142857143,1.4245714285714286,15.013428571428571,0.8660254037844386,0.5000000000000001,Winter,827.2121666666667,0.0,2010-03-17
2010-02-17,1078.9478,31.299419047619047,29.962600000000002,1.5622857142857143,1.4112857142857143,14.020714285714288,0.8660254037844386,0.5000000000000001,Winter,823.2942666666667,0.0,2010-03-18
2010-02-18,1081.8388333333332,31.552666666666664,34.242666666666665,1.7158571428571427,1.9341428571428574,13.716285714285716,0.8660254037844386,0.5000000000000001,Winter,816.7746666666666,0.0,2010-03-19
2010-03-22,,,,,,,1.0,6.123233995736766e-17,Spring,825.6322666666667,1.0,2010-04-20
2010-03-23,,,26.976499999999998,,,,1.0,6.123233995736766e-17,Spring,824.9876666666667,1.0,2010-04-21
2010-03-24,,,30.369366666666668,,,,1.0,6.123233995736766e-17,Spring,818.9667000000001,1.0,2010-04-22
2010-03-25,,,33.245866666666664,,,,1.0,6.123233995736766e-17,Spring,805.3964333333333,1.0,2010-04-23
2010-03-26,,,27.998066666666666,,,,1.0,6.123233995736766e-17,Spring,802.7053333333333,1.0,2010-04-24
2010-03-27,,,27.521400000000003,,,,1.0,6.123233995736766e-17,Spring,800.8963,1.0,2010-04-25
2010-03-28,,,30.799500000000002,,,,1.0,6.123233995736766e-17,Spring,788.1420666666667,1.0,2010-04-26
2010-03-29,,29.554419047619046,29.970233333333333,1.1909999999999996,2.8299999999999996,12.246857142857142,1.0,6.123233995736766e-17,Spring,779.0208333333334,1.0,2010-04-27
2010-03-30,,29.564295238095237,27.045633333333335,1.0278571428571426,2.841285714285714,12.469857142857142,1.0,6.123233995736766e-17,Spring,766.4395,1.0,2010-04-28
2010-03-31,,29.76499047619048,31.77423333333333,0.8661428571428571,2.758142857142857,12.563857142857144,1.0,6.123233995736766e-17,Spring,753.0606666666666,1.0,2010-04-29
2010-04-01,,29.596061904761907,32.06336666666667,0.865,2.8268571428571425,12.453,0.8660254037844387,-0.49999999999999983,Spring,739.6411,1.0,2010-04-30
2010-04-02,,29.614052380952383,28.124000000000002,1.1192857142857142,2.813428571428571,12.538142857142857,0.8660254037844387,-0.49999999999999983,Spring,733.5197333333333,1.0,2010-05-01
2010-04-03,,29.607714285714287,27.477033333333335,0.9652857142857141,2.7849999999999997,12.613428571428573,0.8660254037844387,-0.49999999999999983,Spring,742.5078666666666,1.0,2010-05-02
2010-04-04,,29.506066666666666,30.087966666666667,1.0668571428571427,2.4375714285714283,13.357857142857142,0.8660254037844387,-0.49999999999999983,Spring,735.9416,1.0,2010-05-03
2010-04-05,,29.249338095238098,28.173133333333332,1.0688571428571427,1.428428571428571,14.153428571428574,0.8660254037844387,-0.49999999999999983,Spring,733.0511333333334,1.0,2010-05-04
2010-04-06,,28.049533333333333,18.647,1.3195714285714286,1.5427142857142857,12.736714285714287,0.8660254037844387,-0.49999999999999983,Spring,744.4925999999999,1.0,2010-05-05
2010-04-07,,27.85762380952381,30.430866666666667,1.2329999999999999,1.5487142857142857,12.55257142857143,0.8660254037844387,-0.49999999999999983,Spring,735.7158999999999,1.0,2010-05-06
2010-04-08,,27.07948095238095,26.616366666666668,1.2344285714285712,1.1382857142857141,12.455571428571428,0.8660254037844387,-0.49999999999999983,Spring,736.4996,1.0,2010-05-07
2010-04-09,,26.98848095238095,27.487000000000002,1.0008571428571427,1.16,12.302571428571428,0.8660254037844387,-0.49999999999999983,Spring,734.5696333333333,1.0,2010-05-08
2010-04-10,,25.999738095238094,20.555833333333332,1.1562857142857141,1.1718571428571427,11.94842857142857,0.8660254037844387,-0.49999999999999983,Spring,740.1223,1.0,2010-05-09
2010-04-11,,24.535285714285717,19.8368,1.0514285714285712,1.2164285714285712,10.69685714285714,0.8660254037844387,-0.49999999999999983,Spring,744.7503666666667,1.0,2010-05-10
2010-04-12,,24.327580952380952,26.7192,1.6802857142857142,1.1768571428571428,10.148857142857143,0.8660254037844387,-0.49999999999999983,Spring,744.2206333333332,0.0,2010-05-11
2010-04-13,,25.090928571428574,23.990433333333332,1.5238571428571426,1.059,11.069714285714285,0.8660254037844387,-0.49999999999999983,Spring,754.1538333333333,0.0,2010-05-12
2010-04-14,,24.345338095238095,25.21173333333333,1.5157142857142853,1.0637142857142856,11.149285714285714,0.8660254037844387,-0.49999999999999983,Spring,754.8465333333334,1.0,2010-05-13
2010-04-15,,24.49624761904762,27.672733333333333,1.5235714285714281,1.4109999999999998,10.839571428571428,0.8660254037844387,-0.49999999999999983,Spring,755.8762333333333,1.0,2010-05-14
2010-04-16,,25.0271,31.20296666666667,1.8637142857142857,1.4094285714285715,11.174571428571427,0.8660254037844387,-0.49999999999999983,Spring,757.0861333333334,1.0,2010-05-15
2010-04-17,,25.809747619047616,26.034366666666664,2.1135714285714284,1.413142857142857,11.464285714285714,0.8660254037844387,-0.49999999999999983,Spring,766.0588666666666,1.0,2010-05-16
2010-04-18,,26.68475714285714,25.961866666666666,2.043428571428571,1.7222857142857142,11.984,0.8660254037844387,-0.49999999999999983,Spring,767.2333666666667,1.0,2010-05-17
2010-04-19,,26.382266666666663,24.601766666666666,1.4155714285714287,1.7314285714285713,12.51242857142857,0.8660254037844387,-0.49999999999999983,Spring,766.318,1.0,2010-05-18
2010-04-20,,27.023142857142854,28.476566666666667,1.4969999999999999,2.252,12.730285714285714,0.8660254037844387,-0.49999999999999983,Spring,761.6206333333333,1.0,2010-05-19
2010-04-21,825.6322666666667,27.787247619047623,30.560466666666667,1.5385714285714285,2.2624285714285715,13.249571428571427,0.8660254037844387,-0.49999999999999983,Spring,750.2918,1.0,2010-05-20
2010-04-22,824.9876666666667,27.595699999999997,26.3319,1.3768571428571426,1.5144285714285712,13.779285714285715,0.8660254037844387,-0.49999999999999983,Spring,745.5331666666666,1.0,2010-05-21
2010-04-23,818.9667000000001,26.616476190476188,24.3484,1.1677142857142857,1.5137142857142858,13.325714285714286,0.8660254037844387,-0.49999999999999983,Spring,756.1143,1.0,2010-05-22
2010-04-24,805.3964333333333,25.708080952380953,19.6756,0.7624285714285713,1.518142857142857,13.091142857142858,0.8660254037844387,-0.49999999999999983,Spring,761.2312999999999,1.0,2010-05-23
2010-04-25,802.7053333333333,25.61452380952381,25.306966666666664,1.3184285714285713,1.2837142857142856,12.47,0.8660254037844387,-0.49999999999999983,Spring,758.2798666666666,1.0,2010-05-24
2010-04-26,800.8963,25.77318095238095,25.712366666666664,1.1607142857142858,1.531142857142857,11.762142857142859,0.8660254037844387,-0.49999999999999983,Spring,752.5446,1.0,2010-05-25
2010-04-27,788.1420666666667,24.282995238095243,18.045266666666667,1.1332857142857142,0.9889999999999999,10.927999999999999,0.8660254037844387,-0.49999999999999983,Spring,757.6307333333333,1.0,2010-05-26
2010-04-28,779.0208333333334,22.895642857142857,20.849,0.9349999999999999,0.964142857142857,9.766714285714286,0.8660254037844387,-0.49999999999999983,Spring,758.8374333333333,1.0,2010-05-27
2010-04-29,766.4395,21.20027142857143,14.4643,0.9349999999999999,0.9559999999999998,8.785714285714286,0.8660254037844387,-0.49999999999999983,Spring,767.6758666666666,1.0,2010-05-28
2010-04-30,753.0606666666666,20.349842857142857,18.3954,0.7849999999999999,0.9597142857142857,8.15857142857143,0.8660254037844387,-0.49999999999999983,Spring,783.4439333333333,1.0,2010-05-29
2010-05-01,739.6411,20.20244285714286,18.6438,1.17,0.9648571428571427,7.585428571428571,0.49999999999999994,-0.8660254037844387,Spring,792.5618,1.0,2010-05-30
2010-05-02,733.5197333333333,19.730395238095237,22.002633333333332,0.8184285714285713,1.4508571428571426,7.3751428571428574,0.49999999999999994,-0.8660254037844387,Spring,792.9001999999999,1.0,2010-05-31
2010-05-03,742.5078666666666,21.266509523809525,36.46516666666666,1.0838571428571426,2.253142857142857,8.355,0.49999999999999994,-0.8660254037844387,Spring,777.5844333333333,1.0,2010-06-01
2010-05-04,735.9416,22.04885714285714,23.5217,1.0755714285714284,2.2637142857142853,8.953571428571427,0.49999999999999994,-0.8660254037844387,Spring,770.4110333333333,1.0,2010-06-02
2010-05-05,733.0511333333334,22.682238095238095,25.282666666666668,1.0755714285714284,2.331285714285714,9.449,0.49999999999999994,-0.8660254037844387,Spring,768.3648,1.0,2010-06-03
2010-05-06,744.4925999999999,24.914261904761904,30.088466666666665,1.4997142857142853,2.562142857142857,10.327285714285713,0.49999999999999994,-0.8660254037844387,Spring,761.9522333333333,1.0,2010-06-04
2010-05-07,735.7158999999999,25.379799999999996,21.654166666666665,1.4979999999999996,2.5081428571428575,10.638428571428571,0.49999999999999994,-0.8660254037844387,Spring,773.7921333333334,1.0,2010-06-05
2010-05-08,736.4996,26.630695238095235,27.400066666666664,1.2634285714285713,2.461428571428571,11.586,0.49999999999999994,-0.8660254037844387,Spring,775.5052666666667,1.0,2010-06-06
2010-05-09,734.5696333333333,27.138466666666666,25.557033333333333,1.4898571428571425,2.1114285714285717,12.072714285714286,0.49999999999999994,-0.8660254037844387,Spring,766.8162666666667,1.0,2010-06-07
2010-05-10,740.1223,25.658942857142854,26.1085,1.637,1.3499999999999999,11.428571428571429,0.49999999999999994,-0.8660254037844387,Spring,763.4083333333333,1.0,2010-06-08
2010-05-11,744.7503666666667,25.793680952380953,24.46486666666667,1.4969999999999999,1.3312857142857142,11.581142857142856,0.49999999999999994,-0.8660254037844387,Spring,764.5215,1.0,2010-06-09
2010-05-12,744.2206333333332,25.923223809523808,26.189466666666664,1.662142857142857,1.235142857142857,11.497,0.49999999999999994,-0.8660254037844387,Spring,758.5852,1.0,2010-06-10
2010-05-13,754.1538333333333,26.471104761904762,33.923633333333335,1.3859999999999997,1.555142857142857,12.094,0.49999999999999994,-0.8660254037844387,Spring,749.1727666666667,1.0,2010-06-11
2010-05-14,754.8465333333334,27.078285714285716,25.904433333333333,1.6894285714285713,1.723142857142857,12.129428571428573,0.49999999999999994,-0.8660254037844387,Spring,756.1757,1.0,2010-06-12
2010-05-15,755.8762333333333,27.264338095238095,28.70243333333333,1.6882857142857142,1.7234285714285715,12.581142857142856,0.49999999999999994,-0.8660254037844387,Spring,755.3792,1.0,2010-06-13
2010-05-16,757.0861333333334,28.24374285714286,32.412866666666666,1.6565714285714284,1.4235714285714285,13.082857142857142,0.49999999999999994,-0.8660254037844387,Spring,743.2660666666666,1.0,2010-06-14
2010-05-17,766.0588666666666,29.514971428571425,35.0071,1.724142857142857,1.6072857142857142,13.36042857142857,0.49999999999999994,-0.8660254037844387,Spring,728.6584,1.0,2010-06-15
2010-05-18,767.2333666666667,29.896614285714286,27.136366666666667,1.8689999999999998,1.602142857142857,13.710571428571429,0.49999999999999994,-0.8660254037844387,Spring,730.9902333333333,1.0,2010-06-16
2010-05-19,766.318,29.539033333333332,23.6864,1.7038571428571425,1.6057142857142856,13.747571428571428,0.49999999999999994,-0.8660254037844387,Spring,724.4374666666666,1.0,2010-06-17
2010-05-20,761.6206333333333,28.08982857142857,23.7792,1.8589999999999998,1.0664285714285715,12.819285714285714,0.49999999999999994,-0.8660254037844387,Spring,722.8635333333333,1.0,2010-06-18
2010-05-21,750.2918,27.136571428571433,19.23163333333333,1.5555714285714284,0.908142857142857,12.758285714285714,0.49999999999999994,-0.8660254037844387,Spring,727.2355666666666,1.0,2010-06-19
2010-05-22,745.5331666666666,26.118119047619047,21.573266666666665,1.5595714285714284,0.9148571428571428,11.808142857142856,0.49999999999999994,-0.8660254037844387,Spring,733.5381333333333,1.0,2010-06-20
2010-05-23,756.1143,26.477642857142857,34.92953333333333,1.4068571428571428,1.2155714285714283,12.348714285714285,0.49999999999999994,-0.8660254037844387,Spring,726.2900999999999,1.0,2010-06-21
2010-05-24,761.2312999999999,25.01842857142857,24.7926,1.050142857142857,0.7147142857142855,12.013428571428571,0.49999999999999994,-0.8660254037844387,Spring,726.8406333333334,1.0,2010-06-22
2010-05-25,758.2798666666666,24.33545238095238,22.355533333333334,1.173142857142857,1.0147142857142857,10.927999999999999,0.49999999999999994,-0.8660254037844387,Spring,728.5195,1.0,2010-06-23
2010-05-26,752.5446,23.80555238095238,19.9771,1.2408571428571427,1.0262857142857142,10.751142857142858,0.49999999999999994,-0.8660254037844387,Spring,726.8054,1.0,2010-06-24
2010-05-27,757.6307333333333,23.71300952380952,23.1314,1.068285714285714,1.5749999999999997,10.56057142857143,0.49999999999999994,-0.8660254037844387,Spring,721.9979666666667,1.0,2010-06-25
2010-05-28,758.8374333333333,24.11644761904762,22.0557,1.2014285714285713,1.5855714285714284,10.641714285714286,0.49999999999999994,-0.8660254037844387,Spring,716.3026,1.0,2010-06-26
2010-05-29,767.6758666666666,24.363514285714285,23.302733333333332,1.1938571428571427,1.5901428571428569,10.856428571428571,0.49999999999999994,-0.8660254037844387,Spring,711.9992666666667,1.0,2010-06-27
2010-05-30,783.4439333333333,24.254076190476187,34.163466666666665,1.448,1.2985714285714285,10.739428571428572,0.49999999999999994,-0.8660254037844387,Spring,702.3581333333333,1.0,2010-06-28
2010-05-31,792.5618,24.678228571428573,27.761666666666667,1.668142857142857,1.6642857142857141,10.763285714285715,0.49999999999999994,-0.8660254037844387,Spring,697.3965999999999,2.0,2010-06-29
2010-06-01,792.9001999999999,24.67615714285714,22.341033333333332,1.6445714285714286,1.6219999999999999,11.151142857142858,1.2246467991473532e-16,-1.0,Summer,698.1245,2.0,2010-06-30
2010-06-02,777.5844333333333,24.84362857142857,21.1494,1.7154285714285713,1.6147142857142858,11.353857142857143,1.2246467991473532e-16,-1.0,Summer,699.4584666666667,2.0,2010-07-01
2010-06-03,770.4110333333333,23.874614285714284,16.348300000000002,1.5848571428571425,1.0655714285714286,11.343,1.2246467991473532e-16,-1.0,Summer,702.1256333333333,2.0,2010-07-02
2010-06-04,768.3648,24.043290476190474,23.23643333333333,1.868285714285714,1.0667142857142857,11.576571428571429,1.2246467991473532e-16,-1.0,Summer,697.5571,2.0,2010-07-03
2010-06-05,761.9522333333333,24.0966,23.675900000000002,1.9647142857142854,1.0644285714285713,11.705285714285713,1.2246467991473532e-16,-1.0,Summer,699.5160000000001,2.0,2010-07-04
2010-06-06,773.7921333333334,24.00097142857143,33.49406666666667,2.946857142857143,1.1862857142857142,11.075000000000001,1.2246467991473532e-16,-1.0,Summer,684.5884333333333,2.0,2010-07-05
2010-06-07,775.5052666666667,24.194047619047616,29.1132,3.6902857142857144,0.8431428571428571,11.311714285714286,1.2246467991473532e-16,-1.0,Summer,672.2407999999999,2.0,2010-07-06
2010-06-08,766.8162666666667,23.41219047619047,16.868033333333333,3.7061428571428574,0.6027142857142856,10.779714285714286,1.2246467991473532e-16,-1.0,Summer,669.2859,2.0,2010-07-07
2010-06-09,763.4083333333333,23.633785714285715,22.700566666666667,3.783714285714286,0.6628571428571427,10.710571428571429,1.2246467991473532e-16,-1.0,Summer,666.7962,2.0,2010-07-08
2010-06-10,764.5215,24.95231904761905,25.578033333333334,4.180000000000001,1.1789999999999998,10.682142857142859,1.2246467991473532e-16,-1.0,Summer,659.2761333333333,2.0,2010-07-09
2010-06-11,758.5852,24.526138095238093,20.25316666666667,3.763428571428572,1.182285714285714,10.477285714285715,1.2246467991473532e-16,-1.0,Summer,658.2647000000001,2.0,2010-07-10
2010-06-12,749.1727666666667,24.645466666666664,24.5112,4.0125714285714285,1.1924285714285712,10.364571428571427,1.2246467991473532e-16,-1.0,Summer,653.6463666666667,2.0,2010-07-11
2010-06-13,756.1757,24.561652380952385,32.90736666666667,2.8372857142857137,1.5361428571428568,10.933000000000002,1.2246467991473532e-16,-1.0,Summer,639.2319,1.0,2010-07-12
2010-06-14,755.3792,24.389185714285713,27.905933333333333,2.4534285714285713,1.8135714285714284,10.608857142857143,1.2246467991473532e-16,-1.0,Summer,634.3611999999999,1.0,2010-07-13
2010-06-15,743.2660666666666,24.879428571428573,20.299733333333332,2.330142857142857,1.8114285714285714,11.123000000000001,1.2246467991473532e-16,-1.0,Summer,637.5526666666667,1.0,2010-07-14
2010-06-16,728.6584,24.55069523809524,20.39943333333333,2.114,1.7638571428571428,10.947285714285714,1.2246467991473532e-16,-1.0,Summer,644.4168333333333,2.0,2010-07-15
2010-06-17,730.9902333333333,25.106433333333335,29.468200000000003,1.9855714285714288,1.8681428571428569,11.24457142857143,1.2246467991473532e-16,-1.0,Summer,628.6162333333333,2.0,2010-07-16
2010-06-18,724.4374666666666,24.660785714285716,17.133633333333332,1.9855714285714288,1.870142857142857,10.907428571428571,1.2246467991473532e-16,-1.0,Summer,624.9218000000001,2.0,2010-07-17
2010-06-19,722.8635333333333,24.331366666666668,22.205266666666667,1.6338571428571431,1.8681428571428569,10.943,1.2246467991473532e-16,-1.0,Summer,616.2505,2.0,2010-07-18
2010-06-20,727.2355666666666,23.002266666666664,23.603666666666665,1.588142857142857,1.6029999999999998,9.993285714285715,1.2246467991473532e-16,-1.0,Summer,605.9994666666666,2.0,2010-07-19
2010-06-21,733.5381333333333,22.997966666666667,27.875833333333333,1.0308571428571427,1.8428571428571427,10.456285714285714,1.2246467991473532e-16,-1.0,Summer,592.3873666666666,2.0,2010-07-20
2010-06-22,726.2900999999999,24.052504761904764,27.681500000000003,1.4402857142857142,2.2788571428571425,10.576714285714287,1.2246467991473532e-16,-1.0,Summer,582.4419666666668,2.0,2010-07-21
2010-06-23,726.8406333333334,24.758747619047618,25.343133333333334,1.5785714285714285,3.0914285714285716,10.446142857142856,1.2246467991473532e-16,-1.0,Summer,576.5062666666666,2.0,2010-07-22
2010-06-24,728.5195,23.982490476190474,24.0344,2.130714285714286,2.591571428571428,10.424999999999999,1.2246467991473532e-16,-1.0,Summer,572.0745,2.0,2010-07-23
2010-06-25,726.8054,24.14382857142857,18.262999999999998,2.2697142857142856,2.648,10.365,1.2246467991473532e-16,-1.0,Summer,569.1726333333334,2.0,2010-07-24
2010-06-26,721.9979666666667,23.589357142857143,18.323966666666667,2.130142857142857,2.6815714285714285,10.14914285714286,1.2246467991473532e-16,-1.0,Summer,569.6888333333334,2.0,2010-07-25
2010-06-27,716.3026,22.55459523809524,16.360333333333333,1.9209999999999998,2.5984285714285713,9.918428571428572,1.2246467991473532e-16,-1.0,Summer,568.0643333333334,2.0,2010-07-26
2010-06-28,711.9992666666667,21.28653333333333,18.999399999999998,2.155857142857143,2.108285714285714,9.254571428571428,1.2246467991473532e-16,-1.0,Summer,564.9376,2.0,2010-07-27
2010-06-29,702.3581333333333,20.835223809523807,24.522333333333332,1.6095714285714284,1.720285714285714,9.445571428571428,1.2246467991473532e-16,-1.0,Summer,554.7928333333333,2.0,2010-07-28
2010-06-30,697.3965999999999,20.471938095238098,22.800133333333335,1.7207142857142856,1.1208571428571426,9.307428571428572,1.2246467991473532e-16,-1.0,Summer,541.1444333333334,1.0,2010-07-29
2010-07-01,698.1245,20.334014285714286,23.068933333333334,0.9575714285714286,1.0217142857142856,8.596857142857143,-0.4999999999999998,-0.8660254037844388,Summer,527.2631666666667,1.0,2010-07-30
2010-07-02,699.4584666666667,20.93692380952381,22.483366666666665,0.9438571428571428,1.027142857142857,8.503714285714286,-0.4999999999999998,-0.8660254037844388,Summer,514.0234,1.0,2010-07-31
2010-07-03,702.1256333333333,21.035709523809526,19.01546666666667,1.0612857142857144,1.0618571428571426,7.913857142857142,-0.4999999999999998,-0.8660254037844388,Summer,504.269,1.0,2010-08-01
2010-07-04,697.5571,21.3653619047619,18.6679,0.9297142857142857,1.0257142857142854,7.658428571428572,-0.4999999999999998,-0.8660254037844388,Summer,494.75913333333335,1.0,2010-08-02
2010-07-05,699.5160000000001,22.31327619047619,25.6348,0.6718571428571429,1.0314285714285711,7.502285714285715,-0.4999999999999998,-0.8660254037844388,Summer,479.3778666666667,1.0,2010-08-03
2010-07-06,684.5884333333333,21.462442857142857,18.5665,0.7919999999999999,1.0354285714285711,6.7018571428571425,-0.4999999999999998,-0.8660254037844388,Summer,469.8673,1.0,2010-08-04
2010-07-07,672.2407999999999,20.600361904761908,16.765566666666665,0.5425714285714286,0.8627142857142854,6.728714285714285,-0.4999999999999998,-0.8660254037844388,Summer,461.993,1.0,2010-08-05
2010-07-08,669.2859,19.292390476190473,13.913133333333333,0.6112857142857143,0.856142857142857,6.807,-0.4999999999999998,-0.8660254037844388,Summer,456.82563333333337,1.0,2010-08-06
2010-07-09,666.7962,18.96774761904762,20.210866666666668,0.6084285714285714,0.9174285714285711,6.952857142857143,-0.4999999999999998,-0.8660254037844388,Summer,445.40603333333337,1.0,2010-08-07
2010-07-10,659.2761333333333,18.830961904761903,18.05796666666667,0.491,0.8735714285714283,6.812714285714286,-0.4999999999999998,-0.8660254037844388,Summer,436.15573333333333,1.0,2010-08-08
2010-07-11,658.2647000000001,18.912938095238097,19.241733333333332,0.6205714285714287,0.9124285714285713,7.208428571428571,-0.4999999999999998,-0.8660254037844388,Summer,425.8317333333333,1.0,2010-08-09
2010-07-12,653.6463666666667,18.092661904761904,19.89286666666667,0.6188571428571429,0.8824285714285712,7.377571428571428,-0.4999999999999998,-0.8660254037844388,Summer,415.0181666666667,1.0,2010-08-10
2010-07-13,639.2319,18.08214761904762,18.492900000000002,0.745,0.855142857142857,7.3105714285714285,-0.4999999999999998,-0.8660254037844388,Summer,405.5586333333333,1.0,2010-08-11
2010-07-14,634.3611999999999,18.977814285714288,23.035233333333334,1.0697142857142856,1.1487142857142854,7.231,-0.4999999999999998,-0.8660254037844388,Summer,391.3517,1.0,2010-08-12
2010-07-15,637.5526666666667,20.346109523809528,23.4912,1.096142857142857,1.1255714285714282,7.49,-0.4999999999999998,-0.8660254037844388,Summer,376.7654,1.0,2010-08-13
2010-07-16,644.4168333333333,21.35364285714286,27.2636,1.1320000000000001,1.2439999999999998,7.453428571428573,-0.4999999999999998,-0.8660254037844388,Summer,358.73963333333336,0.0,2010-08-14
2010-07-17,628.6162333333333,20.726447619047622,13.6676,1.1320000000000001,1.2358571428571425,7.238857142857143,-0.4999999999999998,-0.8660254037844388,Summer,362.6718,0.0,2010-08-15
2010-07-18,624.9218000000001,19.897514285714287,13.4392,1.0024285714285714,1.1359999999999997,6.835,-0.4999999999999998,-0.8660254037844388,Summer,368.0614333333333,0.0,2010-08-16
2010-08-23,,,,,,,-0.8660254037844384,-0.5000000000000004,Summer,662.3366666666666,0.0,2010-09-21
2010-08-24,,,12.760966666666667,,,,-0.8660254037844384,-0.5000000000000004,Summer,674.7489333333333,0.0,2010-09-22
2010-08-25,,,12.049133333333334,,,,-0.8660254037844384,-0.5000000000000004,Summer,686.8641666666667,0.0,2010-09-23
2010-08-26,,,16.340133333333334,,,,-0.8660254037844384,-0.5000000000000004,Summer,692.6572333333334,0.0,2010-09-24
2010-09-29,,,,,,,-1.0,-1.8369701987210297e-16,Autumn,833.9091666666666,1.0,2010-10-28
2010-09-30,,,28.073766666666664,,,,-1.0,-1.8369701987210297e-16,Autumn,825.9091,1.0,2010-10-29
2010-10-01,,,20.804633333333335,,,,-0.8660254037844386,0.5000000000000001,Autumn,840.9828,1.0,2010-10-30
2010-10-02,,,25.080333333333332,,,,-0.8660254037844386,0.5000000000000001,Autumn,840.5096333333333,1.0,2010-10-31
2010-10-03,,,32.05423333333333,,,,-0.8660254037844386,0.5000000000000001,Autumn,831.5083999999999,1.0,2010-11-01
2010-10-04,,,30.5114,,,,-0.8660254037844386,0.5000000000000001,Autumn,820.8483666666666,1.0,2010-11-02
2010-10-05,,,29.599333333333334,,,,-0.8660254037844386,0.5000000000000001,Autumn,812.804,1.0,2010-11-03
2010-10-06,,28.14772857142857,30.9104,2.001714285714286,1.3117142857142852,10.557285714285715,-0.8660254037844386,0.5000000000000001,Autumn,824.4793666666667,1.0,2010-11-04
2010-10-07,,27.269228571428567,21.924266666666664,1.9212857142857143,1.2944285714285708,9.844142857142858,-0.8660254037844386,0.5000000000000001,Autumn,831.4899,1.0,2010-11-05
2010-10-08,,28.606552380952376,30.1659,2.2297142857142855,1.2618571428571423,10.512428571428572,-0.8660254037844386,0.5000000000000001,Autumn,831.4141333333333,1.0,2010-11-06
2010-10-09,,28.61997142857143,25.174266666666664,2.117142857142857,1.2598571428571421,10.315285714285713,-0.8660254037844386,0.5000000000000001,Autumn,834.1368,1.0,2010-11-07
2010-10-10,,27.87836666666667,26.863,1.6867142857142856,1.380428571428571,10.258142857142857,-0.8660254037844386,0.5000000000000001,Autumn,837.6994666666667,1.0,2010-11-08
2010-10-11,,28.278890476190476,33.31506666666667,1.4474285714285713,1.1245714285714281,10.623714285714286,-0.8660254037844386,0.5000000000000001,Autumn,838.0860333333334,1.0,2010-11-09
2010-10-12,,27.91372380952381,27.043166666666664,1.3471428571428572,1.7365714285714282,10.69257142857143,-0.8660254037844386,0.5000000000000001,Autumn,843.4851,1.0,2010-11-10
2010-10-13,,27.259123809523807,26.3282,1.504857142857143,1.417714285714285,10.374714285714287,-0.8660254037844386,0.5000000000000001,Autumn,846.7167666666667,1.0,2010-11-11
2010-10-14,,29.064909523809522,34.564766666666664,1.6437142857142857,1.4297142857142853,11.59442857142857,-0.8660254037844386,0.5000000000000001,Autumn,842.7656999999999,1.0,2010-11-12
2010-10-15,,29.839119047619047,35.585366666666665,1.7042857142857142,1.7008571428571422,11.819142857142856,-0.8660254037844386,0.5000000000000001,Autumn,840.8999,1.0,2010-11-13
2010-10-16,,30.043566666666663,26.6054,1.6682857142857144,1.717571428571428,11.941857142857144,-0.8660254037844386,0.5000000000000001,Autumn,848.2677,1.0,2010-11-14
2010-10-17,,28.586980952380948,16.666900000000002,1.5312857142857141,1.5832857142857137,11.159571428571429,-0.8660254037844386,0.5000000000000001,Autumn,860.7238333333333,1.0,2010-11-15
2010-10-18,,26.321452380952376,17.456366666666668,1.1984285714285716,1.5679999999999996,10.357285714285714,-0.8660254037844386,0.5000000000000001,Autumn,868.4299333333333,1.0,2010-11-16
2010-10-19,,28.91977142857143,45.2314,1.3737142857142857,2.312571428571428,11.449857142857143,-0.8660254037844386,0.5000000000000001,Autumn,849.5657333333332,1.0,2010-11-17
2010-10-20,,29.744261904761906,32.09963333333334,1.3624285714285715,2.788285714285714,11.399714285714285,-0.8660254037844386,0.5000000000000001,Autumn,845.0019666666667,1.0,2010-11-18
2010-10-21,,28.920638095238097,28.7994,1.3861428571428571,2.7995714285714284,10.504999999999999,-0.8660254037844386,0.5000000000000001,Autumn,842.3759,1.0,2010-11-19
2010-10-22,,27.063676190476194,22.586633333333335,1.125,2.5495714285714284,9.436142857142856,-0.8660254037844386,0.5000000000000001,Autumn,856.4060333333334,1.0,2010-11-20
2010-10-23,,27.236457142857144,27.814866666666667,1.1812857142857143,2.4997142857142856,9.709142857142856,-0.8660254037844386,0.5000000000000001,Autumn,843.6063333333333,1.0,2010-11-21
2010-10-24,,30.31555714285715,38.2206,1.715142857142857,2.9622857142857137,10.539,-0.8660254037844386,0.5000000000000001,Autumn,839.4113333333333,1.0,2010-11-22
2010-10-25,,33.51939047619048,39.8832,1.8561428571428569,3.9489999999999994,11.76142857142857,-0.8660254037844386,0.5000000000000001,Autumn,825.8204000000001,0.0,2010-11-23
2010-10-26,,29.82750476190476,19.388199999999998,1.5370000000000001,2.5665714285714283,10.385142857142856,-0.8660254037844386,0.5000000000000001,Autumn,836.3696666666667,0.0,2010-11-24
2010-10-27,,27.493995238095238,15.765066666666666,1.3905714285714286,2.3348571428571425,9.746285714285715,-0.8660254037844386,0.5000000000000001,Autumn,844.4573333333333,0.0,2010-11-25
